Durationinseconds,ID,Q23,Sccond,samSC,samFriends,extraversion,samSimilar,gengrat,agreeable,Samtime,openness,neurotic,samlikework,genvalue,Favor,expect,stategrat,reward,promote,statevalue,feelgrat,attencheck,say,partsc_1,partsc_2,partsc_3,partsc_4,partsc_5,partsc_6,partsc_7,partsc_8,partsc_9,partsc_10,age,gender,race,engfirst,fluent,employeed,currentjob,recentjob,pincome,hincome
294,1,Mad for Ads,High,5,4,6,3,5,4,5,6,3,6,7,CWB,1,5,3,3,5,6,5,What is up Sam?,2,1,2,3,4,3,1,2,1,2,44,F,White,1,Yes,Yes,dispatcher,,65000,200000
139,2,Mad for Ads,High,5,4,6,5,3,5,4,4,2,4,4,CWB,1,5,6,6,5,6,5,How are you doing,3,1,3,2,2,2,4,3,2,3,32,M,White,1,Yes,Yes,Principal,,55000,80000
123,3,Mad for Ads,High,6,7,7,5,5,6,5,6,2,6,6,CWB,1,6,5,5,6,6,5,"Hi Sam, what are you working on?",4,5,4,3,4,2,4,4,4,3,44,M,White,1,Yes,Yes,technician,,35000,35000
220,4,Mad for Ads,High,6,4,2,6,6,5,6,4,4,5,6,CWB,1,6,2,6,6,5,5,Thanks for consistently offering up good work. You will go far with that work ethic.,2,1,1,3,3,5,1,1,2,1,27,F,White,1,Yes,No,,Teller,0,33000
256,5,Mad for Ads,High,6,4,5,5,7,6,6,7,1,7,7,CWB,1,7,5,7,7,6,5,"Hey, Sam. What's going on?",2,1,1,4,4,4,1,1,1,1,33,M,White,1,Yes,Yes,Software Developer,,50000,50000
127,6,Mad for Ads,High,6,5,7,6,7,7,6,5,6,7,6,CWB,1,6,2,5,6,6,5,Hey Sam! You've been doing a great job!,2,1,2,1,4,3,3,3,3,4,30,M,Asian,1,Yes,Yes,Financial Advisor,,40000,55000
207,7,Mad for Ads,High,6,6,6,5,6,5,6,6,2,7,6,CWB,1,6,4,6,6,6,5,What can I do for you Sam?,3,2,3,1,3,4,3,2,2,2,33,M,White,1,Yes,Yes,Realtor,,50000,85000
234,8,Mad for Ads,High,6,4,5,5,7,6,6,5,2,6,7,CWB,1,7,4,6,7,7,5,"Hey Sam, I want to tell you how much I appreciate your work here.",2,1,1,4,4,3,1,1,1,1,41,M,White,1,Yes,Yes,Sales Manager,,38000,44000
406,9,Mad for Ads,High,6,6,3,5,7,6,5,2,3,7,7,CWB,1,6,3,5,7,5,5,"Sam, thanks for being on time while I was away last week. You're a great employee.",2,3,2,4,5,4,2,2,1,1,42,F,White,1,Yes,No,,Technical Writer,"Less than $10,000","$150,000 "
281,10,Mad for Ads,High,6,7,6,6,7,6,7,5,2,5,7,CWB,1,6,5,7,7,6,5,Why are you still here?,3,2,3,1,2,2,3,4,4,4,37,F,White,1,Yes,Yes,bookkeeper,,45000,92000
414,11,Mad for Ads,High,6,3,4,5,6,5,5,6,5,5,7,CWB,1,7,5,5,6,5,5,So how was things around here while i was away?,2,2,1,3,4,4,3,2,3,1,35,M,Other,1,Yes,Yes,Artist,,28000,39000
358,12,Mad for Ads,High,6,6,6,6,6,6,6,6,1,6,6,CWB,1,7,5,6,7,7,5,I thank him for all his hard work and I am glad to have him as an employee,1,1,1,5,5,5,1,1,1,1,41,F,White,1,Yes,Yes,case manager,,38000,98000
663,13,Mas for Ads,High,6,6,6,6,6,6,6,6,2,6,6,CWB,1,6,6,6,6,6,5,Thank you for doing a great job while i was out of the office.,3,2,1,5,5,4,1,1,1,1,32,F,White,1,Yes,No,,mental health case manager,0,100000
234,14,Mad for Ads,High,6,4,4,6,7,6,5,4,2,6,7,CWB,1,6,2,6,7,5,5,What's going on Sam? Is anything wrong?,1,1,1,4,5,5,1,2,1,1,26,M,Hispanic,1,Yes,Yes,Revenue collector,,35000,40000
330,15,Mad for Ads,High,6,5,5,5,6,5,4,4,3,5,6,CWB,1,6,5,6,6,6,5,What can I do for you,4,3,2,4,,3,3,2,2,2,67,M,White,1,Yes,No,,janitor,40000,52000
246,16,Mad for Ads,High,6,7,6,5,7,7,6,7,2,6,7,CWB,1,7,3,6,7,7,5,"Great job last week while I was on vacation, thanks for working hard.",3,2,3,1,1,1,3,4,4,3,33,M,White,1,Yes,Yes,Insurance sales,,45500,45500
177,17,Mad for Ads,High,6,5,6,4,6,4,5,4,3,6,6,CWB,1,6,4,6,6,6,5,Your doing great work. Keep it up,4,3,2,2,3,3,4,3,3,1,26,M,White,1,Yes,Yes,Insurance Agent,,45000,45000
287,18,Mad for Ads,High,6,3,3,5,6,5,6,5,2,6,7,CWB,1,6,3,6,7,6,5,"Sam, how have things been?",2,1,1,3,4,4,2,1,1,1,48,M,White,1,Yes,Yes,Brand Ambassador,,29000,29000
205,19,Mad for Ads,High,6,6,7,7,7,6,5,5,5,6,6,CWB,1,6,5,7,7,7,5,How did things go while I was on vacation?,2,1,3,2,4,4,1,2,2,1,36,F,White,1,Yes,Yes,administrator,,15000,49999
394,20,Mad for ads,High,6,6,4,5,6,6,6,3,3,6,7,CWB,1,7,2,6,6,6,5,Thanks for the great work,4,2,2,2,2,3,4,4,4,3,28,M,White,1,Yes,No,,Landscape,4000,4000
181,21,Mad for Ads,High,6,,,6,6,6,6,6,2,6,6,CWB,1,6,4,5,6,6,5,"Hi Sam, how was it last week when I was away?",2,1,1,3,3,2,2,1,1,1,35,F,White,1,Yes,Yes,Trading Supervisor,,70000,112000
202,22,Mad for Ads,High,6,5,4,4,7,6,5,5,1,6,7,CWB,1,6,5,6,7,7,5,"Thank you for working hard while I was away last week, you are a good employee",4,3,2,2,2,1,3,1,1,1,36,F,White,1,Yes,Yes,social work,,42000,82000
399,23,Mad for Ads,High,6,6,5,7,6,5,5,7,2,6,6,CWB,1,7,5,6,7,7,5,Anything I can help you with Sam?,3,3,5,2,3,4,3,1,1,1,28,F,White,1,Yes,No,,Cashier,$0 ,"$16,000 "
177,24,mad for ads,High,6,4,4,4,6,4,4,4,2,6,6,CWB,1,6,4,6,6,6,5,what's going on,2,2,2,4,4,4,2,2,2,1,55,M,White,1,Yes,No,retired,military,4000,4000
280,25,Mad for Ads,High,6,6,6,6,6,6,6,6,1,6,6,CWB,1,6,2,6,6,6,5,Thank you for being someone I can depend on when I'm away,3,2,2,4,4,5,1,1,1,2,49,F,White,1,Yes,Yes,Accounting Manager,,77000,77000
242,26,Mad for Ads,High,6,6,3,6,7,6,6,5,3,7,6,CWB,1,7,7,7,6,7,5,I thank him for his consistent hard work and let him know how much I appreciate all that he does.,2,1,3,4,4,4,1,2,2,1,36,M,White,1,Yes,Yes,busser,,24000,24000
476,27,Mad for Ads,High,6,5,5,6,7,7,6,5,2,7,7,CWB,1,7,4,7,7,6,5,"Sam, I really appreciate the hard and thoughtful work that you do here and I would like to give you a raise.",3,3,1,4,4,4,3,2,1,1,54,F,African American,1,Yes,Yes,retail,,2000,49000
493,28,Mad for Ads,High,6,5,4,6,7,4,5,4,2,7,7,CWB,1,7,4,6,7,6,5,"Hi, Sam. How have things been going?",3,1,2,2,2,3,1,2,1,2,33,M,White,1,Yes,Yes,IT Help Desk,,41000,41000
170,29,Mad for Ads,High,6,7,7,5,6,6,7,7,2,6,6,CWB,1,6,5,7,7,6,5,Thank you for being a valuable member of this company Sam.,2,3,2,3,4,4,3,3,4,4,22,M,Asian,2,Yes,Yes,Marketing Coordinator,,50000,150000
568,30,Mad for Ads,High,6,6,6,4,6,5,6,6,2,6,6,CWB,1,6,6,6,6,6,5,Thank him for a productive week while I was on vacation.  Catch up on outstanding items he or I have for one another.,3,3,2,2,2,2,3,1,3,2,35,F,White,1,Yes,Yes,Executive Assistant,,45000,45000
380,31,Mad for Ads,High,6,6,6,6,6,6,4,4,2,5,6,CWB,1,6,4,5,6,6,5,Hi Sam. Youve been doing a really good job.,3,3,2,3,2,2,3,4,2,3,31,F,White,1,Yes,Yes,self employed,,8000,18000
188,32,Mad for Ads,High,7,7,7,5,7,7,7,7,1,7,7,CWB,1,7,7,7,7,7,5,"Hello, how are you today? I am glad that you are performing so well.",1,1,1,5,5,5,1,1,1,1,31,F,White,1,Yes,Yes,sales,,10000,10000
219,33,Mad for Ads,High,7,6,7,5,7,7,7,7,2,7,7,CWB,1,7,4,7,7,7,5,Sam thanks for taking care of things while I was away.  What did I miss while I was gone?,5,2,2,2,1,1,5,4,3,3,32,M,White,1,Yes,No,,Insurance Salesman,15000,30000
222,34,Mad for Ads,High,7,7,7,7,7,7,7,7,1,7,7,CWB,1,7,4,7,7,7,5,I ask him if everything is OK or if he needs anything,3,1,1,4,4,5,1,2,2,1,30,M,White,1,Yes,Yes,Software Engineer,,"$95,000 ","$95,000 "
380,35,Mad for Ads,High,7,7,7,6,7,7,7,7,1,7,7,CWB,1,7,7,7,7,7,5,Sam you have truly been doing a great job. Keep it up,4,2,2,3,3,3,2,2,3,1,23,M,White,1,Yes,Yes,grooming assistant (vertinary),n/a,13000,30000
482,36,Mad for Ads,High,7,7,6,6,7,7,7,7,1,6,7,CWB,1,7,6,7,6,6,5,"""How did thing's around here go while I was away?""",2,2,1,5,4,4,1,1,1,1,35,M,White,1,Yes,Yes,Secretary,,55000,55000
215,37,Mad for Ads,High,7,7,7,5,6,6,6,6,4,6,7,CWB,1,7,5,7,7,7,5,"Hey, I just want you to know I really appreciate all the hard work you've put in while I was away.",1,3,2,4,5,5,2,2,1,2,29,F,White,1,Yes,Yes,Retail manager,n/a,20000,20000
216,38,Mad for Ads,High,7,7,7,6,7,7,7,7,1,7,7,CWB,1,7,7,7,7,7,5,I just want to thank you for your dedication to the job while I was away on vacation.,2,1,1,2,2,2,1,2,2,1,58,F,White,1,Yes,Yes,Secretary,N/A,"$45,000 ","$99,000 "
267,39,Mad for Ads,High,7,3,2,7,7,6,6,3,1,6,7,CWB,1,7,2,7,7,5,5,Is there something you want to talk about?,1,1,1,5,4,5,1,1,1,1,42,F,White,1,Yes,Yes,finish sprayer,,28000,59000
342,40,mad for ads,High,7,6,6,7,7,7,7,7,1,7,7,CWB,1,7,4,6,7,5,5,i admire your performance and dedication to the job,2,1,2,4,4,5,2,1,1,1,34,M,African American,1,Yes,Yes,auto tech,,27000,27000
720,41,Mad for Ads,High,7,7,7,6,7,7,7,5,2,7,7,CWB,1,7,4,7,7,7,5,I mention that I heard that some employees took some advantage while I was away I was glad to hear that he stayed focused.,4,1,1,4,3,3,2,2,1,1,60,M,White,1,Yes,Yes,kitchen manager,NA,19000,19000
415,42,Mad for Ads,High,7,6,5,3,6,6,4,6,1,6,7,CWB,1,7,3,6,7,6,5,How was your weekend?,3,3,3,4,5,3,2,2,2,1,35,M,White,1,Yes,Yes,Hearing Aid Specialist,,"$24,000 ","$24,000 "
296,43,Mad for Ads,High,7,7,6,6,7,7,7,7,1,7,7,CWB,1,7,5,7,7,7,5,hey sam whats up ?,3,1,1,2,4,3,2,1,1,1,51,F,White,1,Yes,Yes,manager on duty,,10000,17000
1626,44,Mad for Ads,High,7,6,6,7,6,6,6,6,1,7,6,CWB,1,7,6,7,6,6,5,I tell Sam that I appreciate all his hard work he has done for the company.,1,1,1,5,4,4,1,1,1,1,37,F,African American,1,Yes,Yes,Customer service manager,N/A,30000,30000
203,45,Mad for Ads,High,7,6,4,7,7,7,7,7,3,7,7,CWB,1,7,5,7,7,7,5,appreciate his work,1,1,1,4,4,4,1,1,1,1,27,F,White,1,Yes,Yes,healthcare,na,30000,
177,46,Mad for Ads,High,7,6,6,6,6,6,6,6,1,6,6,CWB,1,7,7,7,7,7,5,What is up Sam?,1,1,1,5,5,5,2,2,1,1,39,F,White,1,Yes,Yes,hr coordinator,,40000,149000
178,47,Mad for Ads,High,7,7,7,7,7,7,6,7,1,7,7,CWB,1,7,5,7,7,7,5,I ask Sam how it was while I was gone and thank him for his hard work.,3,2,3,4,4,4,3,2,2,2,26,F,White,1,Yes,Yes,Customer Service Associate,,25000,59000
280,48,Mad for Ads,High,7,6,3,7,7,7,6,7,1,7,7,CWB,1,7,3,7,7,7,5,"Sam, how can I help you?",4,4,1,3,4,5,2,4,2,1,25,M,Other,1,Yes,Yes,Office Production Assistant,,~35000,~35000
284,49,Mad for Ads,High,7,6,6,7,7,5,6,6,1,7,7,CWB,1,7,6,7,7,7,5,,4,2,1,2,3,3,1,2,3,2,65,M,White,1,Yes,No,,retired corrections officer,34000,34000
605,50,Mad for Ads,High,7,7,7,7,7,6,6,7,1,6,7,CWB,1,7,7,7,7,7,5,Thank you so much Sam for being a reliable employee while I was away.  I know that I can trust you and thats an important thing.,5,5,2,1,1,1,5,3,2,4,57,F,White,1,Yes,No,,after school teacher for a special art program for elementary school children.,21000,32000
328,51,Mad for Ads,High,7,5,4,5,7,5,5,4,3,6,7,CWB,1,7,4,5,6,5,5,How are things Sam? What's new?,1,2,2,3,1,4,3,1,1,2,33,M,White,1,Yes,Yes,Developer,,40000,50000
511,52,Mad for Ads,Low,3,3,2,3,2,5,4,2,3,4,5,CWB,1,5,3,4,5,6,5,Is there something on your mind? Is there something you would like to discuss?,2,1,1,4,3,3,1,1,2,1,65,F,African American,1,Yes,No,,Senior Administrative Clerk,36000,66000
1131,53,Mad for Ads,High,4,4,4,4,4,4,4,4,3,4,4,CWB,2,4,3,4,4,4,5,hows it going,3,1,1,3,3,3,3,3,3,1,25,M,White,1,Yes,Yes,Developer,,80000,180000
340,54,Mad for Ads,High,5,5,4,3,5,5,4,5,3,5,6,CWB,2,5,5,5,5,6,5,"So, how were things going while I was away?",2,4,2,4,3,3,2,1,2,2,56,F,White,1,Yes,Yes,clerical support/affordable housing,n/a,12500,12500
261,55,Mad for Ads,High,5,5,3,4,4,4,3,5,3,4,4,CWB,2,4,5,5,5,4,5,How was your weekend?,4,5,3,1,1,1,3,3,2,2,33,F,White,1,Yes,Yes,merchandise specialist,,40000,40000
304,56,Mad for Ads,High,5,5,5,5,5,5,4,4,3,5,5,CWB,2,5,3,5,5,5,5,"Are you doing okay, today?",1,1,1,4,4,4,4,1,1,1,76,M,White,1,Yes,No,retired,accountant,23000,23000
479,57,Mad for Ads,High,5,6,5,6,6,5,4,5,2,7,6,CWB,2,6,6,6,6,6,5,"Sam, I'm very happy with your work over the past few weeks, specially when I went on vacation. I'm pleased to know I have you in my corner.",2,1,1,3,2,2,2,1,2,1,34,M,Hispanic,1,Yes,Yes,Warehouse manager,,27000,48000
350,58,Mad for Ads,High,5,3,3,5,6,3,3,5,2,5,6,CWB,2,6,3,5,6,5,5,I'd ask him if he went to a new restaurant over the weekend.,1,2,3,4,4,3,2,1,1,1,34,M,Other,1,Yes,Yes,Automotive mechanic,,32000,32000
365,59,Mad for Ads,High,6,5,5,5,,4,4,4,2,5,6,CWB,2,6,4,5,6,5,5,Thanks Sam for your solid performance while I was gone last week.,2,1,1,4,4,3,1,1,1,1,64,F,White,1,Yes,No,,Teaching,15000,15000
321,60,Mad for Ads,High,6,5,5,6,7,5,5,5,2,6,6,CWB,2,6,5,6,7,6,5,"Hey Sam, I just wanted to take a minute to than you for the great work while I was away last week.",5,3,2,2,3,4,2,2,1,2,53,F,White,1,Yes,Yes,farming,,15000,80000
349,61,Mad for Ads,High,6,5,5,4,7,5,4,4,2,6,7,CWB,2,6,3,6,6,6,5,Thanks for holding the fort while I was on vacation.,4,3,3,3,2,1,4,3,3,2,51,M,White,1,Yes,No,,Customer service,5000,5000
263,62,Mad For Ads,High,6,6,6,6,6,6,6,6,2,6,6,CWB,2,6,3,6,6,6,5,How are things going with the so-and-so ad campaign?,1,2,1,5,4,5,1,1,1,1,51,F,White,1,Yes,No,Homemaker,2003,7200,49000
174,63,Mad for Ads,High,6,7,6,6,6,6,6,7,3,6,6,CWB,2,7,6,6,6,7,5,"Thank you for your hard work, I can really count on you.",1,3,1,2,4,4,4,4,4,2,27,F,White,1,Yes,Yes,self employed,,5000,5000
216,64,mad for ads,High,6,4,4,5,5,4,4,4,2,5,6,CWB,2,5,4,5,6,5,5,Thanks for doing a great job while i was away.,1,1,3,1,4,4,1,1,1,1,44,M,White,1,Yes,Yes,coordinator,,29000,29000
234,65,Mad for Ads,High,6,6,6,5,7,6,6,6,3,6,6,CWB,2,7,4,6,7,6,5,That I appreciate his daily efforts for the company.,3,4,2,3,3,2,3,3,3,2,53,M,White,1,Yes,Yes,telephone operator,,27000,27000
318,66,Mad for Ads,High,6,6,6,4,6,6,6,6,1,6,6,CWB,2,6,4,6,6,6,5,Please come in and tell me what is on your mind.,3,1,1,4,4,4,1,1,1,1,41,F,Other,1,Yes,Yes,Human Resources,,38000,41000
381,67,Mad for Ads,High,6,5,5,6,6,4,4,5,2,5,6,CWB,2,6,3,5,6,5,5,"Hi Sam, thanks for doing such a good job while I was away.",1,1,1,3,4,4,1,1,2,2,66,M,White,1,Yes,Yes,Caregiver,,12000,19000
407,68,Mad for Ads,High,6,5,5,6,6,6,6,5,2,6,7,CWB,2,6,5,6,6,6,5,I would tell Sam thanks for the good work and taking care of business while I was gone.I would tell him he is appreciated and ask if there was anything he needed,3,1,1,4,2,4,1,2,1,1,45,M,White,1,Yes,Yes,mining,,26000,26000
257,69,Mad for Ads,High,6,5,4,6,6,4,4,5,3,5,6,CWB,2,6,4,6,6,6,5,I thank him for his work and for being a reliable employee.,2,2,1,3,3,4,2,2,2,1,30,F,White,1,Yes,Yes,Administrative Assistant,N/A,18500,18500
383,70,Mad for Ads,High,6,6,5,5,6,6,6,6,2,6,6,CWB,2,6,5,6,6,6,5,Thank you for being a great employee.,3,2,3,3,4,4,4,3,2,1,24,F,White,1,Yes,Yes,Retail,,10000,25000
281,71,MAD FOR ADS,High,6,6,5,6,6,6,6,5,2,6,6,CWB,2,6,4,6,6,6,5,THANKS FOR HELPING OUT WHILE I WAS OUT OF THE OFFICE.,1,1,1,5,5,5,1,1,1,1,62,M,White,1,Yes,Yes,REALTOR,N/A,40000,70000
241,72,Mad for Ads,High,6,6,4,5,6,4,5,4,3,6,6,CWB,2,6,5,6,6,6,5,You're doing a fine job in this office Sam.,2,2,3,2,2,3,3,4,3,2,24,M,White,1,Yes,Yes,Landscaping and Snow Removal,,"$20,000 ","$80,000 "
266,73,Mad for Ads,High,6,6,6,7,7,6,6,6,2,7,7,CWB,2,6,6,7,6,6,5,Hi Sam how's it going?,1,1,1,4,4,4,1,1,1,1,49,F,White,1,Yes,Yes,Aide,,21000,76000
402,74,Mad for Ads,High,6,5,5,5,6,5,5,4,2,6,6,CWB,2,6,4,5,6,6,5,I ask Sam if there is anything he wants to discuss with me.  I then tell him I appreciate all his hard work and dedication.  I let him know he is a valuable part of our team.,4,2,4,2,2,3,1,2,3,2,50,F,White,1,Yes,Yes,Office Manager,,50000,120000
730,75,Mad for Ads,High,6,4,5,6,6,4,4,4,3,5,5,CWB,2,6,5,6,6,5,5,"Hi Sam, how was your day?",1,1,1,4,5,5,1,1,1,1,34,M,African American,1,Yes,Yes,Production,,27000,42000
581,76,Mad for Ads,High,6,5,4,6,6,6,6,5,3,6,6,CWB,2,6,2,6,6,5,5,"Hey Sam, thanks for your work while I was out on vacation.",4,3,2,2,2,3,4,3,3,1,32,F,Asian,1,Yes,Yes,Accountant,,51000,51000
417,77,Mad for Ads,High,6,4,5,1,6,6,5,6,4,5,6,CWB,2,6,6,4,6,6,5,"Hi, Sam. How was your weekend?",5,5,5,2,2,1,4,5,5,5,32,M,White,1,Yes,Yes,Retail,,17000,68000
373,78,Mad for Ads,High,6,6,5,5,6,4,4,5,4,6,7,CWB,2,5,5,6,5,6,5,Did you guys have a difficult time while I was away?,2,1,1,5,5,4,1,1,1,1,37,F,White,1,Yes,Yes,Art teacher,,28000,39000
269,79,Mad for Ads,High,6,4,5,4,6,5,5,5,3,6,6,CWB,2,5,4,5,6,5,5,Hey Sam good work the past weeks keep it up i would consider you for future promotion,1,2,1,1,3,1,1,1,1,1,28,M,Hispanic,1,Yes,Yes,dishwasher,n/a,16400,17200
455,80,Mad for Ads,High,6,3,4,3,6,5,5,5,3,6,6,CWB,2,6,5,5,6,5,5,"Sam, I would like to commend your dedication and commitment at work. Keep it up! Thank you",2,3,2,2,2,2,2,2,1,2,35,F,Asian,2,Yes,No,NA,Clinical Research Associate,500,88000
326,81,Mad for Ads,High,6,6,4,7,7,6,6,6,3,6,6,CWB,2,6,5,6,6,6,5,"Hi Sam, thank you for all of your hard work.  You are very valuable to the team.",2,1,1,2,2,2,3,4,1,1,34,F,White,1,Yes,No,,Registered Nurse,0,70000
311,82,Mad for Ads,High,6,6,3,5,6,7,4,3,2,6,7,CWB,2,6,3,5,7,6,5,Been to any new restaurants lately?,2,4,1,3,3,1,1,1,1,1,58,M,White,1,Yes,Yes,Technical analyst,,74000,83000
311,83,Mad for Ads,High,6,3,3,3,6,5,5,5,3,6,6,CWB,2,6,5,5,6,6,5,I appreciate your work ethic Sam,3,4,2,3,3,3,2,3,3,2,47,M,White,1,Yes,Yes,IT Project Manager,,72000,72000
239,84,Mad for Ads,High,7,4,4,7,7,7,7,4,1,7,7,CWB,2,7,4,7,7,7,5,"Hi Sam, is there anything you wanted to talk with me about?",2,1,1,3,3,1,1,3,2,3,35,F,White,1,Yes,Yes,farmer,,18700,39900
228,85,Mad for Ads,High,7,5,5,5,7,6,5,5,1,6,7,CWB,2,7,3,6,7,7,5,"Thank you, Sam, for all your hard work around here.",2,2,1,3,4,4,2,1,1,2,27,F,White,1,Yes,No,,Assistant manager at a small store,1000,24000
168,86,Mad for Ads,High,7,6,5,4,7,6,6,6,1,7,7,CWB,2,7,4,6,6,4,5,Nothing unless he brings something up.,5,5,4,2,2,2,4,3,3,2,33,M,White,1,Yes,No,,Scientist,2000,15000
269,87,Mad for Ads,High,7,5,5,7,6,4,4,5,3,4,4,CWB,2,6,4,4,6,6,5,"Sam, how are you?",4,1,1,2,4,4,1,2,2,1,26,F,Other,1,Yes,Yes,Coach,,6000,16000
392,88,Mad for Ads,High,7,5,6,5,7,6,6,6,1,6,7,CWB,2,6,6,6,7,6,5,"Hey Sam, how does a raise sound to you?",1,1,1,5,4,4,1,1,1,1,25,M,African American,1,Yes,Yes,Store manager,,50000,60000
267,89,Mad for Ads,Low,2,5,5,2,3,5,4,5,2,4,3,CWB,2,3,3,3,3,4,5,"Good Morning, how have things been going since I left for vacation?",2,2,2,3,3,4,2,2,2,1,48,M,White,1,Yes,Yes,IT,,80000,95000
204,90,Mad for Ads,Low,6,5,7,5,6,6,6,5,3,7,5,CWB,2,2,3,1,1,2,5,"What is it, Sam?",4,5,2,4,4,5,2,3,1,1,26,M,White,1,Yes,No,,Managing Editor,$0 ,"$30,000 "
377,91,Mad for Ads,High,3,5,1,4,3,6,6,5,4,2,4,CWB,3,2,2,4,4,6,5,"Hey, can I talk with you for a minute.",2,3,1,4,3,5,3,1,2,2,33,M,African American,1,Yes,Yes,computer network engineer,,72000,108000
170,92,Mad for Ads,High,4,5,5,3,5,6,6,4,1,5,6,CWB,3,5,4,6,6,5,5,I am proud of the work you have been doing.,3,2,2,1,3,3,4,2,3,3,39,M,White,1,Yes,Yes,IT Support,,75000,125000
274,93,Mad for Ads,High,6,6,6,5,5,6,5,6,2,6,6,CWB,3,6,5,5,6,6,5,good job while i was away,1,1,1,4,4,1,1,1,1,1,44,F,White,1,Yes,Yes,food service,,10000,65000
177,94,Mad for Ads,High,7,6,7,6,7,7,7,6,3,6,6,CWB,3,7,7,7,6,7,5,is there anything wrong,1,1,1,5,5,5,1,1,1,1,35,F,African American,1,Yes,Yes,social worker,,48000,48000
190,95,Mad for Ads,Low,1,5,6,2,2,5,5,7,4,3,2,CWB,3,3,3,3,3,3,5,Can I help you with anything?,1,1,1,2,4,5,2,3,2,2,26,M,White,1,Yes,Yes,Surgical Assistant,,55000,100000
189,96,Mad for Ads,Low,2,5,5,1,3,4,2,5,2,1,1,CWB,3,5,2,2,2,4,5,Thank you for coming in on time while I was out of the office,3,2,2,3,2,3,4,2,2,1,24,F,White,1,Yes,Yes,Legal Assistant,n/a,35000,85000
263,97,Mad for Ads,Low,2,5,6,2,4,6,6,6,2,4,4,CWB,3,5,4,4,6,6,5,I would ask him if he has any questions or concerns that he would like to share.,2,3,1,5,4,4,2,1,1,2,27,F,White,1,Yes,No,,Office worker,38135,38135
493,98,Mad for Ads,Low,3,6,6,2,4,5,4,5,1,4,4,CWB,3,5,2,4,5,5,5,How'd things go around here last week?,3,1,2,4,4,4,2,2,1,1,44,F,White,1,Yes,Yes,"self-employed, administrative",n/a,"$6,000 ","$46,000 "
290,99,Mad for Ads,Low,3,4,5,4,4,4,4,5,4,4,4,CWB,3,5,4,4,5,5,5,I tell him I am glad he did his best when I was out of town. I also tell him to keep up the good work.,2,2,1,4,3,2,2,1,1,1,49,F,White,1,Yes,Yes,administrative assistant,,40000,100000
160,100,Mad for Ads,Low,3,5,5,2,2,5,4,6,4,4,4,CWB,3,2,1,3,2,2,5,Why were you not coming in to work on time,1,1,3,3,2,4,2,1,1,1,39,M,White,1,Yes,Yes,accountant,accountant,140000,140000
406,101,Mad for Ads,Low,5,6,5,4,5,5,3,4,5,5,4,CWB,3,5,5,4,6,6,5,Hello,3,4,4,3,2,3,3,4,3,4,59,F,White,1,Yes,Yes,Assistant,,30000,50000
126,102,Mad for Ads,Low,1,4,4,1,1,1,1,1,7,1,1,CWB,3,4,4,1,1,1,5,Keep up the good work,1,1,1,1,5,4,1,1,1,1,26,M,African American,1,Yes,Yes,construction,,48000,48000
384,103,Mad for Ads,Low,2,3,4,1,1,4,1,5,4,1,2,CWB,3,2,1,1,2,1,5,"""How's the job going Sam?""",2,2,1,3,4,4,3,2,1,1,59,M,White,1,Yes,Yes,Sr. Acct. Rep,N/A,54900,71000
1084,104,Mad for Ads,Low,2,6,5,2,3,5,5,5,2,3,3,CWB,3,4,3,2,2,2,5,"I would tell him that I appreciate his positive and respectful attitude, and I would encourage him to make efforts to focus on his work when he is on the clock and make sure he is not procrastinating.",2,1,2,4,4,5,1,2,2,2,69,M,White,1,Yes,Yes,Finance Manager,,75000,98000
297,105,Mad for Ads,Low,2,3,5,2,2,6,4,5,3,2,2,CWB,3,5,3,2,3,6,5,"Sam, do you have a minute?",1,2,1,2,1,1,2,1,1,1,24,F,Other,1,Yes,Yes,Writer,NA,150000,250000
516,106,Mad for Ads,Low,5,6,6,5,5,6,6,6,2,6,6,CWB,3,6,4,4,4,6,5,Hello Sam.  Do you have something on your mind?,4,3,3,2,3,2,1,2,1,2,39,M,White,1,Yes,Yes,sales,,20000,45000
246,107,Mad for Ads,Low,2,4,4,2,3,5,5,4,4,4,4,CWB,3,5,5,4,5,5,5,,1,1,1,4,4,5,1,2,2,1,67,M,White,1,Yes,Yes,direct service,,26000,38000
234,108,Mad for Ads,Low,2,5,5,2,3,3,4,5,3,3,3,CWB,3,4,2,3,3,4,5,I ask him if he's happy at the workplace.,3,3,5,4,4,3,3,3,3,3,28,F,White,1,Yes,No,,Manuscript reviewer,2000,39000
161,109,Mad for Ads,Low,5,7,6,5,6,6,7,5,4,5,6,CWB,3,5,6,7,5,4,5,get out from this place,3,4,5,4,3,4,5,4,5,4,26,M,African American,1,Yes,Yes,Team Leader,,75000,100000
249,110,Mad for Ads,Low,4,4,4,4,4,4,4,6,4,6,4,CWB,3,4,4,6,4,4,5,"I make pleasant small talk, and persuade Sam to tell me what is on his mind.",3,3,2,2,3,4,1,1,1,1,47,M,White,1,Yes,Yes,Freelancer & Entrepreneur,N/A,10000,90000
243,111,Mad for Ads,Low,2,6,5,1,1,5,3,4,4,2,2,CWB,3,3,2,2,2,2,5,Something on your mind?,2,3,1,3,4,4,2,2,1,1,38,M,White,1,Yes,Yes,administrator,,35000,35000
267,112,Mad for Ads,Low,2,4,4,1,2,4,4,4,3,3,3,CWB,3,4,2,3,4,4,5,I really think you need to get back to work like the rest of the employees. You need to stop procrastinating.,2,2,1,4,4,4,2,1,1,1,55,F,White,1,Yes,No,,"Medical transcriptionist, self employed",0,
90,113,Mad for Ads,Low,4,5,4,3,4,5,4,4,4,4,5,CWB,3,5,3,4,4,4,5,I would ask him what is wrong,3,2,2,2,2,3,2,3,2,2,21,M,White,1,Yes,Yes,sales,,15000,400000
199,114,Mad for Ads,Low,3,4,4,2,3,4,5,4,4,3,3,CWB,3,5,4,4,5,6,5,Thanks for being on time while I was away.,3,3,2,2,2,3,3,2,2,1,35,F,White,1,Yes,Yes,Accounting Assistant,,32000,32000
336,115,Mad for Ads,Low,3,5,5,2,1,4,4,5,3,2,2,CWB,3,5,4,3,4,3,5,"How did you do,while I was at vacation?",4,2,3,4,2,2,3,4,4,3,71,M,White,2,Yes,No,,store clerk,12000,64000
924,116,Mad for Ads,Low,2,5,7,1,6,7,6,7,7,7,7,CWB,3,5,3,3,2,3,5,HHow everything going sam? Enjoying the the nice weather?,1,1,2,1,3,4,1,1,1,4,29,M,White,1,Yes,Yes,Part time worker,,23000,23000
284,117,Mad for Ads,Low,3,5,4,2,3,4,4,4,4,3,3,CWB,3,4,2,4,4,4,5,I would speak with him regarding his performance.,4,5,2,3,2,4,3,2,3,3,22,M,White,1,Yes,Yes,Pharmacy Technician,N/A,30000,60000
67,118,Mad for Ads,High,3,7,1,2,6,3,2,7,7,3,7,CWB,4,3,7,1,2,6,5,Hey whats up sam,3,4,2,1,5,3,5,5,3,5,25,M,White,1,Yes,Yes,tss,,20000,20000
318,119,Mad for Ads,High,4,3,3,4,3,4,5,3,3,4,5,CWB,4,4,3,4,5,3,5,I pull him to the side and talk about the situation.,4,2,2,3,3,4,3,3,3,4,27,F,White,1,Yes,Yes,management,,55000,100000
115,120,Mads for Ads,High,5,5,4,3,3,4,5,5,4,4,5,CWB,4,4,5,4,4,3,5,How are you?,4,3,4,3,3,2,3,3,3,2,21,F,Hispanic,1,Yes,Yes,CNA,,,
182,121,Mad for Ads,High,5,4,3,5,5,4,4,5,5,4,4,CWB,4,5,3,4,4,4,5,Hello how are you doing,3,3,3,4,3,2,4,2,3,4,22,M,African American,1,Yes,Yes,Retil,,65000,65000
239,122,Mad for Ads,High,5,6,6,5,5,6,6,6,3,6,6,CWB,4,6,5,5,6,6,5,"Hey Sam, you seem like you want to talk, what's up?",2,2,2,2,3,3,2,2,3,2,28,F,White,1,Yes,Yes,Social Worker,,38000,85000
138,123,Mad for Ads,High,6,4,5,4,4,5,4,6,2,6,6,CWB,4,5,4,4,6,6,5,What can I do for you?,4,4,5,2,2,1,4,4,5,4,27,M,Asian,1,Yes,Yes,Accounting,,32000,32000
174,124,"""Mad for Ads",Low,3,4,3,3,3,6,3,2,4,3,2,CWB,4,4,4,3,2,3,5,How do you think you have been doing?,2,2,2,1,4,4,2,2,2,2,37,M,White,1,Yes,Yes,healthcare,n/a,42000,42000
178,125,Mad for Ads,Low,1,6,6,1,2,6,4,5,2,1,1,CWB,4,5,2,3,5,6,5,Thanks for being so reliable in coming in on time last week while I was away; I really appreciate it.,1,1,1,5,5,5,1,1,1,1,48,F,White,1,Yes,Yes,university administrator,,82000,82000
182,126,Mad for Ads,Low,3,5,4,3,4,5,5,5,5,3,4,CWB,4,5,4,5,5,5,5,Great Work last week while I was away.,1,1,1,1,4,4,2,2,2,2,37,F,White,1,Yes,Yes,Advocacy work.,,28000,28000
174,127,Mad for Ads,Low,3,5,5,3,3,3,3,5,4,3,3,CWB,4,3,3,3,3,3,5,How did last week go?,2,2,1,3,3,3,2,2,2,2,28,F,White,1,Yes,Yes,marketing,na,130000,130000
386,128,Mad for Ads,Low,2,3,5,1,1,2,2,5,2,3,2,CWB,4,1,1,1,1,1,5,I think we need to talk about your future with the company and how to best utilize your skills.,1,1,3,4,5,5,1,1,1,1,36,M,White,1,Yes,Yes,Mechanical engineer,,118000,185000
253,129,Mad for Ads,Low,1,4,4,1,1,5,4,5,3,1,1,CWB,4,1,1,1,1,1,5,"Hi, Sam, what can I do for you?",3,1,1,3,2,2,1,2,1,1,45,M,White,1,Yes,Yes,freelance illustrator/artist,na,6500,6500
228,130,Mad for Ads,Low,2,6,6,2,2,4,5,5,4,3,2,CWB,4,4,3,4,4,4,5,Good to see you. How did last week go?,3,2,1,1,5,4,2,1,1,2,26,M,Asian,1,Yes,Yes,Auditor,,45000,47500
170,131,Mad for Ads,Low,2,2,4,3,2,2,3,3,3,3,2,CWB,4,3,2,2,2,2,5,Come into my office we need to discuss things.,2,1,1,1,1,3,3,2,2,3,26,M,White,1,Yes,No,,Librarian,15000,45000
322,132,Mad for Ads,Low,2,4,3,1,2,4,3,5,4,2,2,CWB,4,3,3,3,3,3,5,"How are you doing, Sam",1,1,1,5,5,5,1,1,1,1,44,F,White,1,Yes,Yes,HR manager,N/A,69000,95000
388,133,Mad for Ads,Low,2,5,6,1,3,6,4,5,2,3,2,CWB,4,5,4,2,3,4,5,"Sam, do you need me for anything?",2,1,3,2,3,3,1,2,2,2,47,M,White,1,Yes,Yes,Logistics Manager,,104000,104000
189,134,Mad for Ads,Low,3,5,6,2,4,5,4,5,2,4,4,CWB,4,4,3,3,4,3,5,"Hello, Sam.",3,3,3,2,2,3,4,2,2,2,34,M,Other,1,Yes,No,,writer,n/a,75000
551,135,Mad for Ads,Low,2,6,6,1,2,6,6,6,2,1,2,CWB,4,3,3,2,2,2,5,I would ask him if he had something that he wanted to speak to me about.,2,1,1,4,4,2,2,2,1,1,55,F,White,1,Yes,Yes,Office Manager,,53000,53000
218,136,Mad for Ads,Low,1,1,1,1,1,1,1,1,7,1,1,CWB,4,1,1,1,1,1,5,"What can I help you with Sam, is something wrong?",3,2,1,2,2,2,2,2,2,2,20,F,White,1,Yes,Yes,Church Janitor,,5000,49000
508,137,Mad for Ads,Low,2,5,5,2,4,6,4,5,2,4,4,CWB,4,4,3,3,4,4,5,"Hi Sam, I hope you had a productive week last week. Tell me about it if you have a the time.",2,2,1,4,4,3,2,2,2,1,57,F,African American,1,Yes,Yes,Self-employed,,5000,14000
184,138,Mads for Ads,Low,2,6,5,2,2,6,3,2,2,2,2,CWB,4,5,2,3,5,4,5,I ask him if there is anything he needs to discuss.,4,4,1,2,1,1,4,4,4,2,32,F,White,1,Yes,Yes,Grant Consultant,,47500,111000
278,139,mad for ads,Low,1,5,5,1,1,4,1,5,1,1,1,CWB,4,1,1,1,1,1,5,Talk to him about being late while I was away and being lazy.,1,1,1,5,5,5,1,1,1,1,39,F,White,1,Yes,Yes,call center,,35000,80000
246,140,Mad for Ads,Low,6,6,4,5,4,5,5,6,7,6,6,CWB,4,1,1,2,3,2,5,Where have you been?,1,1,1,1,1,4,4,1,1,1,24,M,Other,1,Yes,Yes,transportation,,60000,80000
166,141,Mad for Ads,Low,2,5,5,2,3,5,3,5,2,4,3,CWB,4,4,4,4,4,4,5,"Good Morning, Sam.",3,2,3,4,4,3,2,2,2,2,55,M,White,1,Yes,No,,IT,10000,20000
474,142,Mad for Ads,Low,3,5,5,2,2,5,3,4,4,3,3,CWB,4,5,5,4,5,5,5,How was your week last week?  What has been going on in the office?  I heard that you have been on time this past week.  Great job!,1,1,1,4,4,4,2,1,1,1,38,F,White,1,Yes,No,,Developmental specialist in early intervention for children birth to three with developmental delays,$0 ,106000
387,143,Mad for Ads,Low,2,5,6,1,2,6,5,5,2,2,2,CWB,4,2,2,2,2,2,5,How are your projects going?,2,2,1,4,4,4,2,2,3,4,58,F,White,1,Yes,No,,Director of Children's Ministries,23000,132000
370,144,Mad for Ads,Low,2,5,5,2,3,3,4,3,2,3,2,CWB,4,4,2,3,3,3,5,what project are you working on now?,3,4,2,2,3,3,3,2,3,3,54,F,White,1,Yes,Yes,CUSTOMER SERVICE,,10000,40000
426,145,Mad for Ads,Low,2,6,5,5,4,5,5,5,1,1,1,CWB,4,4,5,4,5,4,5,"Good job, keep it up",3,1,3,1,3,4,4,3,2,2,27,F,White,1,Yes,Yes,Sales consultant,,35400,67500
282,146,Mad for Ads,Low,2,5,5,1,2,5,4,5,2,2,2,CWB,4,1,1,1,1,1,5,Is there something that you would like to tell or ask me?,2,3,1,2,4,2,1,2,2,1,60,F,White,1,Yes,Yes,sales,,18000,18000
155,147,Mad for Ads,Low,2,4,5,3,4,4,4,4,5,4,4,CWB,4,4,4,4,4,4,5,I ask him if he needs my help with anything.,1,2,1,4,3,3,1,1,1,1,39,F,White,1,Yes,Yes,Nurse,,25000,65000
258,148,Mad for Ads,Low,2,4,3,2,2,4,2,4,2,2,2,CWB,4,4,2,2,2,4,5,What can I help you with Sam,1,2,4,2,3,3,2,2,2,1,38,F,White,1,Yes,Yes,administrative assistant,,32000,60000
277,149,Mad for Ads,Low,1,7,7,1,2,7,6,7,2,,3,CWB,4,5,2,3,5,6,5,"Sam, I heard that you performed very well while I was on vacation. Thank you. Keep up the good work and stay focused.",1,1,2,5,5,5,1,1,1,1,25,F,White,1,Yes,Yes,Paralegal,N/A,50000,75000
176,150,Mad for Ads,Low,3,4,5,2,3,4,4,3,4,3,3,CWB,4,4,4,4,3,4,5,How did things go while I was away?,2,1,1,3,2,1,3,2,2,1,38,M,White,1,Yes,Yes,copy editor,,50000,100000
229,151,Mad for Ads,Low,2,4,3,1,2,2,3,2,3,2,1,CWB,4,4,3,3,5,4,5,"Hey thanks for taking some initiative while I was gone and picking up some of the slack around here, I appreciate it.",1,1,2,5,5,5,1,1,1,1,26,M,White,1,Yes,Yes,System Administrator,,45000,155000
268,152,Mad for Ads,Low,2,3,3,2,2,3,2,5,5,2,2,CWB,4,5,2,3,3,3,5,I heard someone has been coming into work late this past week. Any ideas as to who it could be?,2,1,1,3,4,4,2,3,3,2,29,M,White,1,Yes,Yes,teacher,personal trainer,40000,40000
363,153,Mad for Ads,Low,2,6,5,2,2,5,6,6,2,2,2,CWB,4,4,2,4,5,4,5,I see you've been putting in more effort lately. I wasn't sure about you before but I like how you've been working lately. Keep it up!,3,4,3,2,2,4,1,2,2,2,20,M,White,1,Yes,Yes,Short order cook,,"$10,000 ","$150,000 "
329,154,Mad for Ads,Low,2,5,6,3,3,5,5,5,4,2,2,CWB,4,5,5,4,5,5,5,Hey there sam,2,2,2,4,4,3,1,2,1,1,25,F,Hispanic,1,Yes,Yes,claims adjuster,,49000,70000
316,155,mad for ads,Low,2,5,4,2,2,5,5,5,4,2,2,CWB,4,3,2,2,3,2,5,I ask him if he enjoys working here....to try to figure out what the problem is,2,2,2,4,3,3,1,1,1,1,45,F,White,1,Yes,Yes,secretary,,52000,139000
396,156,Mad for Ads,Low,1,5,5,1,2,7,5,5,4,2,2,CWB,4,5,2,2,5,5,5,Hey Thanks for showing up. I was honestly surprised to hear you weren't the one calling out. Keep up the good work. You're improving your work ethic. That's what I like to see.,2,1,4,4,4,4,1,1,1,1,26,M,White,1,Yes,Yes,Janitor,,10000,60000
1268,157,Mad for Ads,Low,3,5,5,2,3,5,5,5,3,2,2,CWB,4,5,5,5,5,5,5,Thanks for coming in on time!,3,3,2,3,4,3,4,3,3,3,31,F,White,1,Yes,Yes,residential staff,N/A,32000,32000
516,158,Mad for Ads,Low,2,5,3,2,2,4,3,6,2,2,2,CWB,4,2,2,2,2,2,5,What's up Sam?,2,1,3,3,2,1,2,2,2,1,56,M,Other,1,Yes,Yes,Computer Consultant,,8600,8600
236,159,Mad for Ads,Low,1,4,5,1,2,2,1,2,5,3,2,CWB,4,3,2,2,4,3,5,How's your work been coming along?,3,1,1,4,3,2,1,3,1,3,27,M,African American,1,Yes,Yes,other,,31000,31000
177,160,Mad for Ads,Low,2,6,6,2,2,4,4,6,2,2,2,CWB,4,4,3,3,4,4,5,"Thanks for your hard work while I was away.  However, I think there are some things that you can work on.",2,2,2,4,4,4,2,2,2,2,31,F,White,1,Yes,Yes,professor,,50000,70000
231,161,Mad for Ads,Low,3,6,6,1,1,3,4,5,2,1,3,CWB,4,6,2,2,6,7,5,"""Hey, I heard that you were on time every day while I was away! I appreciate your timeliness even when I'm not in the office!""",1,4,2,4,5,5,2,5,1,1,21,F,White,1,Yes,Yes,Medica Scribe,,20000,52000
143,162,Mad for Ads,Low,3,5,6,2,4,6,3,5,2,3,3,CWB,4,5,6,5,6,5,5,"Hey Sam, how have you been?",1,2,4,5,5,4,2,2,2,1,30,M,White,1,Yes,Yes,Network Engineer Lead,,60000,95000
299,163,Mad for Ads,Low,2,6,7,2,2,7,5,7,3,2,3,CWB,4,3,1,1,3,2,5,"Did you need something from me, Sam?",1,2,5,2,4,4,2,2,2,1,28,F,African American,1,Yes,Yes,Reimbursement counselor (healthcare),N/A,34000,76000
447,164,Mad for Ads,Low,1,2,2,1,1,1,2,1,1,2,1,CWB,4,4,5,4,5,5,5,I would tell him that i like the fact that he has been on time lately and to keep up the hard work.,3,1,1,3,3,3,1,2,2,1,31,M,White,1,Yes,Yes,construction,,15000,39000
198,165,Mad for Ads,Low,4,5,6,2,4,6,7,6,2,4,3,CWB,4,6,3,2,3,4,5,I ask him how he has been.,4,3,4,4,3,4,4,5,3,2,19,M,Hispanic,1,Yes,No,,Fast Food,5000,30000
285,166,Mad for Ads,Low,2,5,5,2,2,5,5,7,1,3,3,CWB,4,5,3,3,5,6,5,"Hi Sam, is there something I can help you with?",4,2,1,4,2,3,3,4,4,1,24,F,White,1,Yes,No,,Server,10000,43000
146,167,Mad for Ads,Low,2,3,2,5,3,4,6,2,3,5,3,CWB,4,2,3,4,2,3,5,"Hi Sam, you need to improve your work or you are fired!",3,2,4,3,2,5,3,3,1,4,32,M,White,1,Yes,No,,assembler,10000,10000
235,168,Mad for Ads,Low,1,7,7,4,6,6,6,7,1,7,5,CWB,4,7,1,1,6,6,5,"Sam, do you have some questions?",3,3,1,1,3,4,1,1,2,1,54,F,White,1,Yes,Yes,data entry,,,
243,169,Mad for Ads,Low,2,6,6,1,2,5,4,5,4,3,3,CWB,4,5,3,3,4,4,5,Ask him if he would like to talk about his job in general.,1,2,1,5,4,4,1,1,1,1,45,F,White,1,Yes,Yes,ops manager,,55000,55000
246,170,Mad for Ads,Low,1,4,4,1,7,4,4,4,4,1,1,CWB,4,1,1,1,1,1,5,what's up Sam?,2,3,4,1,1,2,3,3,2,3,44,M,White,1,Yes,Yes,self employed writer and attorney,,10000,35000
273,171,Mad for Ads,Low,2,5,6,2,2,5,4,6,2,2,2,CWB,4,4,2,2,3,3,5,"Sam, can I help you?",3,2,1,2,3,4,3,2,3,2,55,M,White,1,Yes,Yes,Account Executive,,80000,80000
183,172,Mad for Ads,Low,2,5,6,2,3,5,4,5,3,4,3,CWB,4,5,2,4,5,6,5,Hi Sam!,3,2,1,2,1,1,1,1,1,2,35,F,White,1,Yes,Yes,Piano Teacher,,15000,15000
289,173,Mad for Ads,Low,2,5,3,2,2,4,3,7,1,2,3,CWB,4,5,3,2,6,5,5,"hey sam, what can i help you with",1,1,3,2,3,2,3,2,3,3,24,F,White,1,Yes,Yes,Manager,I am employeed,29000,35000
307,174,Mad for Ads,Low,2,5,4,1,2,4,3,4,4,2,2,CWB,4,4,4,4,4,4,5,"So Sam, how did things go while I was away?  Anything you might be behind on that I can assign someone to help you with?",3,3,2,4,4,4,4,3,2,1,32,M,White,1,Yes,Yes,healthcare,,50k,75k
324,175,Mad for Ads,Low,2,5,5,2,3,5,4,5,2,4,3,CWB,4,5,2,3,4,3,5,Is there something I can help you with?,2,2,1,3,3,3,2,1,1,2,27,F,White,1,Yes,Yes,Payroll Manager,,32000,65000
249,176,Mad for Ads,Low,1,6,6,1,4,5,3,7,1,3,3,CWB,5,5,1,1,5,5,5,Did anything happen while I was gone?,1,2,1,4,4,4,1,1,2,1,36,F,White,1,Yes,Yes,Administrative Assistant,,22000,50000
490,177,Mad for Ads,Low,3,7,7,1,1,7,4,5,1,2,1,CWB,5,4,4,1,4,4,5,I want to thank you for coming into work on time while I was on vacation. Glad to have you on board Sam,5,1,1,4,5,5,1,1,3,1,33,M,African American,1,Yes,Yes,Network Administrator,,55000,75000
144,178,Mad for Ads,Low,2,5,5,2,2,5,2,4,3,2,1,CWB,5,2,2,2,2,2,5,"Hi Sam, how's your week going so far?",1,1,1,2,4,2,2,1,1,1,36,F,White,1,Yes,Yes,tech support,na,22000,34000
405,179,Mad for Ads,Low,1,4,6,1,1,4,3,1,4,1,1,CWB,5,5,5,2,4,5,5,Thanks for doing your job while I was away.,1,1,1,4,4,5,1,1,1,1,39,M,Asian,2,Yes,Yes,Chef,,45000,73000
188,180,Mad for Ads,Low,1,6,6,3,2,4,2,6,1,3,2,CWB,5,4,2,2,4,5,5,What's going on?,3,5,4,1,2,4,4,5,5,1,22,F,Other,1,Yes,Yes,Desk clerk/student at university,,14000,14000
571,181,"""Mad for Ads""",Low,1,5,4,1,2,7,4,3,4,3,2,CWB,5,5,4,4,5,5,5,"Hi Sam, I'd like to commend you on doing your job and abiding by all the rules while I was on vacation.  I greatly appreciate your dedication to your job.  Your dedication will not go unappreciated! Great Job!",1,1,1,5,4,4,1,1,1,1,52,F,Hispanic,1,Yes,Yes,Director,N/A,75000,75000
355,182,Mad For Ads,Low,1,4,5,1,3,4,4,2,4,2,2,CWB,5,5,4,3,5,5,5,"Thanks Sam for being on time the week I was on vacation, shows how much you value your job",2,2,1,5,4,4,2,1,1,1,41,F,White,1,Yes,No,,Janitor,5000,25000
295,183,Mad for Ads,Low,2,3,2,1,2,2,2,2,6,1,2,CWB,5,1,1,1,1,1,5,"Sam, you need to step it up and start performing.",1,1,1,5,4,4,1,1,1,1,50,M,White,1,Yes,Yes,Teacher,,67000,82000
382,184,Mad for Ads,Low,2,5,5,1,1,4,1,6,3,1,1,CWB,5,4,3,1,3,2,5,"Hey, Sam, how can I help you?",2,1,1,2,2,2,3,2,1,1,51,F,White,1,Yes,Yes,publishing consultant,,32000,32000
346,185,Mads for Ads,Low,4,7,7,1,1,7,1,4,7,1,3,CWB,5,5,4,3,4,7,5,Thank you for behaving while i was on vacation,1,1,1,1,5,5,1,1,1,1,54,F,White,1,Yes,Yes,Site access manager,NA,39000,90000
353,186,Mad for Ads,Low,1,5,5,1,1,5,5,4,2,4,3,CWB,5,5,4,4,5,4,5,Do you need something?,2,3,2,5,3,4,1,1,1,2,33,F,White,1,Yes,No,,Applications developer,0,60000
141,187,Mad for ads,High,5,6,5,5,5,4,5,5,1,6,6,OCB,5,6,6,6,5,5,5,How are you,1,5,1,1,1,1,1,1,1,1,33,F,White,1,Yes,Yes,Secretary,,50000,75000
285,188,Mad for Ads,High,5,6,5,5,6,7,4,6,3,6,6,OCB,4,6,5,6,6,5,5,Thank you fo the notice...I would like to speak to you after lunch.,2,1,5,1,2,5,1,3,2,2,30,M,White,1,Yes,Yes,Lab tech,,61000,104000
192,189,Mad for Ads,High,5,5,5,5,5,5,4,4,4,5,5,OCB,4,5,4,4,5,5,5,THANKS FOR WORKING WITH THE NEW GUY,2,2,1,4,4,3,2,2,2,2,62,M,White,1,Yes,Yes,PARALEGAL,,55000,55000
295,190,Mad for Ads,High,5,5,5,6,5,5,5,5,2,5,6,OCB,3,6,6,7,6,6,5,Thanks for stepping up while I was away.,3,3,2,4,4,3,4,2,2,2,49,F,White,1,Yes,Yes,operations manager,,35000,79000
419,191,Mad for Ads,High,5,6,5,3,5,6,5,6,2,5,6,OCB,3,5,3,4,6,5,5,"How are things going today, Sam?",1,1,1,4,5,4,1,1,1,1,39,F,White,1,Yes,Yes,Clerk,,40000,55000
267,192,Mad for Ads,High,5,4,3,2,3,4,2,2,2,4,5,OCB,3,6,5,5,6,6,5,/hello,1,1,1,4,4,5,2,1,1,2,45,F,White,1,Yes,Yes,sales,,65000,65000
143,193,Mad for Ads,High,5,5,4,5,5,5,5,5,3,5,5,OCB,4,5,5,5,5,5,5,Hello,1,1,1,1,4,4,1,1,1,1,33,M,White,1,Yes,Yes,writer,,34333,34333
162,194,Mad for Ads,High,5,6,7,4,5,6,5,5,3,5,5,OCB,3,7,6,6,5,5,5,I would praise him and tell him he's doing a good job.,3,2,1,2,3,2,3,2,3,3,28,M,Asian,2,Yes,Yes,IT,,34000,~50000
103,195,Mad for Ads,High,5,5,4,5,4,5,6,4,4,4,5,OCB,4,6,6,7,6,5,5,"Sam, did you help anyone out while I was gone?",3,2,2,2,4,4,2,3,2,3,27,M,White,1,Yes,Yes,teacher,,60000,80000
178,196,Mad for Ads,High,5,6,7,5,5,6,7,6,1,6,1,OCB,4,5,6,5,6,5,5,Thanks for doing what you did,1,1,4,4,5,4,2,1,2,2,31,M,White,1,Yes,Yes,production,,30000,30000
188,197,Smith Advertising Company,High,5,5,5,5,5,5,5,5,3,5,6,OCB,4,6,6,6,6,6,5,Nice job the other day helping out to train the new employee.  Thank you.,3,2,1,4,3,3,1,3,3,2,59,M,White,1,Yes,Yes,manager,,100000,100000
211,198,Mad for Ads,High,5,7,6,6,5,7,7,5,3,7,7,OCB,4,7,6,7,6,7,5,"Hello, Sam, how are you doing today?",1,1,1,2,1,1,1,2,1,1,45,F,African American,1,Yes,Yes,lawyer,,25000,25000
173,199,Mad for Ads,High,5,5,6,4,5,5,5,5,2,5,4,OCB,,5,5,4,5,5,5,I say hello,2,1,2,4,4,4,2,2,2,2,26,M,White,1,Yes,Yes,retail worker,,30000,50000
185,200,Mad for Ads,High,6,6,6,6,6,4,5,6,2,6,6,OCB,5,6,6,6,6,6,5,Thank you for assisting the new employee. That's what I look for - the ability to see a problem and take care of it without being told to.,2,1,1,3,3,3,2,1,1,1,48,F,White,1,Yes,Yes,"Manager, branch library",,39900,39900
271,201,Mad for Ads,High,6,5,5,5,6,5,5,5,4,6,6,OCB,4,6,5,7,7,7,5,I thank him for stepping up to help the other employee while I was gone,4,3,2,3,3,3,3,2,3,2,27,F,Other,1,Yes,Yes,biological sciences researcher,,35000,62000
257,202,Mad for Ads,High,6,6,6,6,6,6,6,6,3,6,6,OCB,5,7,7,7,7,7,5,"Sam, just wanted to thank you for going above and beyond.",1,1,1,4,4,4,1,1,1,1,35,F,Asian,1,Yes,Yes,social worker,,,85000
243,203,Mad for Ads,High,6,5,3,2,6,5,3,3,3,5,7,OCB,4,7,3,6,6,5,5,Thanks for helping out; I really appreciate it.,4,5,2,2,2,1,4,4,2,3,49,F,White,1,Yes,Yes,Counselor,,30000,30000
436,204,name not presented just client company name,High,6,6,6,5,7,5,4,6,2,6,7,OCB,4,7,5,6,7,7,5,"Sam, I heard you assisted a new employee learn the ropes while I was on vacation, thank you.  This has been noted in your file and will be part of annual evalution.  Have a good evening and I'll see you in the morning",2,1,2,4,5,,1,1,2,1,66,F,White,1,Yes,No,,Division Controller,69000,99000
411,205,Mad fo Ads,High,6,6,6,6,6,6,5,6,2,6,7,OCB,3,6,7,7,7,7,5,"Sam, what happened? Are you alright?",1,3,1,5,5,3,1,1,1,1,59,M,White,1,Yes,No,,Customer Service Rep for a cell phone company.,20000,20000
397,206,Mad for Ads,High,6,4,5,5,6,5,5,6,2,6,6,OCB,3,6,5,6,6,6,5,"Thanks for helping the new employee, Sam",3,2,2,3,3,3,2,3,3,2,61,M,White,1,Yes,Yes,computer system adminstrator,,35000,35000
136,207,Mad for Ads,High,6,5,5,3,6,6,6,4,1,6,6,OCB,4,7,7,7,7,7,5,Thanks for helping train the new employee.,1,1,1,5,5,5,2,1,1,1,40,F,White,1,Yes,Yes,customer service,,8800,27000
458,208,Mad for Ads,High,6,4,5,5,6,5,4,5,2,6,6,OCB,3,6,6,5,6,6,5,"Sam, I appreciate your taking the initiative to step out and show our new employee things about our company that our important. It is comforting to know I can count on you!",2,2,1,1,3,3,2,2,1,2,63,F,White,1,Yes,No,Clercial,Retired after 30 years in University setting.,"$35,000 ","$35,000 "
363,209,Mad for Ads,High,6,6,5,6,6,6,6,6,2,6,7,OCB,5,6,5,6,6,6,5,thank you for helping out the new employee while i was on vacation. i really appreciate it.,2,2,2,4,3,3,2,2,2,2,40,F,White,1,Yes,No,n/a,data entry clerk,3500,79000
162,210,Mad for Ads,High,6,6,6,6,6,6,6,6,2,6,6,OCB,4,6,6,6,6,6,5,Hey how was your weekend! I heard about you helping the newbie. So proud of you buddy,1,1,1,3,4,4,4,2,2,2,27,M,White,1,Yes,Yes,Meat Clerk,,25000,30000
530,211,Mad for Ads,High,6,6,6,6,6,6,6,6,2,6,6,OCB,5,6,6,6,6,6,5,Thank you Sam! You are very good and valuable employee.,1,1,1,4,4,4,1,1,1,1,62,M,White,2,Yes,No,,I was IT support specialist,48000,48000
192,212,Mad for Ads,High,6,5,5,6,6,6,6,6,6,6,6,OCB,4,6,6,6,7,7,5,Thanks for doing that.  It showed real initiative,1,1,1,4,4,3,2,2,1,1,37,M,White,1,Yes,Yes,QA Rep,,45000,45000
211,213,Mad for Ads,High,6,6,6,6,6,6,6,6,2,6,6,OCB,4,6,5,5,6,6,5,thanks for your help while i was on vacation,2,1,1,2,2,2,1,1,2,1,41,F,White,1,Yes,Yes,legal assistant,,55000,55000
233,214,Mad for abs,High,6,6,6,6,6,6,6,6,2,6,6,OCB,4,7,6,7,7,7,5,Thank you very much for helping out the new employe while I was gone. I really appreciate it.,2,3,1,3,2,1,1,2,2,2,29,F,Asian,1,Yes,Yes,Administrative assistant,,63000,220000
559,215,Mad for Ads,High,6,7,7,6,6,6,7,6,1,7,7,OCB,4,7,6,6,7,7,5,Thank you for stepping up and helping the other employee while I was out of the office.,4,3,2,2,3,4,1,4,4,4,37,F,White,1,Yes,Yes,insurance,,36000,105000
361,216,Mad for Ads,High,6,6,5,6,6,5,6,6,1,6,6,OCB,4,6,7,5,6,7,5,Thank you for stepping up while I was away.,5,3,1,1,2,1,3,3,1,2,34,F,White,1,Yes,No,,Stay at home mom,0,90000
323,217,Mads for Ads,High,6,7,5,6,7,7,7,7,2,6,7,OCB,4,7,6,7,7,6,5,"""Sam! I was told you helped out our new employee while I was gone this past week. I really appreciate you doing that, you didn't have to go out of your way for me. Perhaps we can get lunch this week on me, to show my gratitude for your willingness to help.""",2,2,1,4,4,4,2,1,3,2,19,F,White,1,Yes,Yes,"Account Specialist, Inside Sales",,"$35,000 ","$150,000 "
304,218,Mad for Ads,High,6,4,3,6,6,5,6,6,2,6,6,OCB,4,6,5,6,6,6,5,I'd tell him that his work efforts are noticed and appreciated.,1,1,1,5,5,5,1,1,1,1,63,M,Other,1,Yes,Yes,associate professor,,145000,145000
584,219,Mad for Ads,High,6,6,7,5,7,6,6,6,1,6,6,OCB,4,6,6,6,7,6,5,I heard about you stepping up and taking charge,3,2,1,3,3,4,3,1,1,4,21,M,Asian,1,Yes,Yes,Information Technology Consultant,,34000,45000
166,220,Mad for Ads,High,6,6,4,5,5,5,5,6,1,5,5,OCB,3,5,6,6,6,5,5,Thank you for helping out,1,1,1,4,4,3,1,1,1,1,33,M,White,1,Yes,Yes,financial advisor,,54000,98000
335,221,Mad for Ads,High,6,6,5,6,6,6,6,5,2,6,6,OCB,3,6,6,6,6,6,5,Thank you for stepping up,3,1,3,3,4,3,2,3,1,2,38,F,White,1,Yes,Yes,Manufacturing,,15000,15000
218,222,mad for ads,High,6,,6,5,5,6,5,6,1,5,6,OCB,4,6,5,6,6,5,5,I am grateful to have you as an employee,2,1,1,1,1,3,3,2,4,2,24,M,Hispanic,2,Yes,Yes,security guard,,30000,120000
443,223,Mad for Ads,High,6,4,5,7,4,6,6,3,5,7,5,OCB,3,6,7,4,6,5,5,Hey bud,5,3,4,4,2,5,3,2,4,4,20,M,,1,Yes,Yes,Law assistant,,45000,120000
389,224,Mad for Ads,High,6,4,5,4,5,5,4,4,2,4,6,OCB,3,6,6,6,6,6,5,Thank you for helping out. I'm aware of it and already planned on thanking you. You don't have to linger here.,1,1,1,3,5,1,1,1,1,1,33,M,White,1,Yes,Yes,machinist,,24000,24000
240,225,Mad for Ads,High,6,6,6,5,7,6,4,5,2,6,7,OCB,5,7,6,7,7,7,5,"Sam , I just want to thank you for your awesome work around the office. You're doing a great job and I value you working for our company! Thank you for stepping up while I was away.",1,1,3,4,4,3,2,2,2,2,28,F,White,1,Yes,Yes,Home Health / Nanny / Mturk,,5000,50000
289,226,Mad for Ads,High,6,5,6,6,5,6,6,5,6,6,5,OCB,3,6,5,5,6,6,5,Go and do your work.,2,2,2,2,2,2,2,2,2,3,35,M,Asian,1,Yes,Yes,Engineer,,70000,70000
210,227,Mad for Ads,High,6,6,7,5,6,6,6,6,1,6,6,OCB,4,6,6,6,7,6,5,"I appreciate your hard for and for stepping up while I was gone, you did a great job.",2,1,1,4,4,4,2,2,2,1,33,M,White,1,Yes,Yes,Teacher,,57000,97000
381,228,Mad for Ads,High,6,2,3,4,7,3,4,4,3,6,7,OCB,2,6,7,6,7,6,5,"Good Job Sam. You're a hard worker, thanks for taking on the new comer and showing them the ropes.",1,4,1,5,5,5,4,1,1,1,29,M,African American,1,Yes,Yes,logistics,,above 10k,10k +
109,229,Mad for Ads,High,6,6,6,6,6,6,6,6,3,5,5,OCB,4,6,6,6,6,6,5,Great job last week.,3,3,3,3,3,3,3,3,3,3,21,F,White,1,Yes,Yes,ambassador,,50000,50000
328,230,Mad for Ads,High,6,4,4,4,4,4,4,4,4,4,6,OCB,3,6,4,4,6,6,5,The universe is vaster than we can possibly imagine and it is expanding. Our lives take place in just a tiny blip of time. None of this work we're doing is important.,2,2,1,3,3,3,3,3,3,3,35,Nonbinary,White,1,Yes,Yes,Wage slave,,Less than 10K,Less than 10k
253,231,Mad for Ads,High,6,6,6,6,7,7,7,3,1,7,7,OCB,5,7,7,7,7,7,5,"Sam, thanks so much for helping our new team member get to know her way around the office.  Your help is really appreciated.  It is nice to know that you can be counted on.  Great job.",1,1,1,4,4,3,1,1,1,1,58,M,White,1,Yes,Yes,Manager,,60000,60000
231,232,MAD FOR ADS,High,6,4,4,5,5,4,4,4,3,6,6,OCB,4,6,6,5,5,5,5,THANKS FOR HELPING OUT WHILE I WAS OUT,3,2,2,2,3,2,2,2,3,2,52,F,White,1,Yes,Yes,ACCOUNTING CLERK,,51K,100K
204,233,Mad for Ads,High,6,5,5,5,6,4,4,4,2,6,6,OCB,5,6,6,7,7,5,5,I applaud him for his efforts when I was away and generally give him positive reinforcement,2,3,2,2,2,3,2,2,3,3,30,M,White,1,Yes,Yes,Sales,,70000,75000
122,234,Mad for Ads,High,6,6,5,6,7,6,6,5,6,6,7,OCB,4,6,6,5,6,7,5,How was your weekend?,2,1,1,4,4,,2,1,1,1,33,F,Asian,1,Yes,Yes,analyst,,50000,50000
193,235,Mad for Ads,High,6,5,5,5,6,6,6,5,2,6,6,OCB,4,6,6,6,6,6,5,"""Thanks for your help while I was gone, I really apprecaite it.""",2,1,1,4,3,3,1,1,1,2,45,M,White,1,Yes,Yes,Risk Analyst,,65000,65000
307,236,Mad for Ads,High,6,5,5,6,5,4,4,4,4,5,5,OCB,3,6,6,6,7,7,5,"Sam, thank you for helping out!",3,3,3,5,4,4,4,3,2,4,60,F,Asian,2,Yes,No,N/A,retired,"$36,000 ","$40,000 "
253,237,Mad for Ads,High,6,4,3,5,6,5,4,6,2,6,6,OCB,4,6,7,7,7,7,5,Thank you for helping the new employee.,4,4,1,2,2,2,3,4,4,4,47,F,White,1,Yes,Yes,freelance transcriptionist,n/a,15000,25000
221,238,Mads for Ads,High,6,6,6,5,5,7,7,5,2,5,5,OCB,4,4,6,6,6,6,5,"Hey Sam, I heard what you did the other day. Great job, we need more employees like you! Keep the good work up!",1,1,2,2,4,4,4,2,2,3,20,M,Other,1,Yes,Yes,dental assistant,,22000,27000
180,239,Mad for Ads,High,6,6,6,7,7,7,6,6,2,7,7,OCB,4,7,5,6,7,7,5,"Thank you so much for helping to orient our new employee! I really appreciate it. You've been doing an excellent job in all areas of your work, as well. Thanks again!",1,2,1,5,5,4,1,1,1,1,28,M,White,1,Yes,Yes,Higher Education,,42000,73000
210,240,Mad for Ads,High,6,5,5,5,6,5,4,4,4,6,6,OCB,4,6,6,6,6,6,5,How are you doing,3,2,1,3,3,3,2,3,3,2,31,F,Other,1,Yes,Yes,admin asst,,35000,35000
251,241,Mad for Ads,High,6,5,5,7,7,6,6,6,1,7,7,OCB,4,7,5,6,7,7,5,"What can I do for you, Sam?",1,2,3,4,5,5,1,1,1,1,22,Nonbinary,,1,Yes,Yes,Guarantor Rep 1,,41000,41000
226,242,Mad for Ads,High,6,6,6,5,6,6,6,6,2,6,6,OCB,3,6,5,6,6,6,5,Thank you for all of your hard work while i was out. Your effort is appreciated.,3,2,2,3,3,2,2,2,1,2,26,M,White,1,Yes,Yes,Analytics Consultant,N/A,66000,66000
236,243,Mad for Ads,High,6,5,6,5,6,6,6,6,2,6,6,OCB,4,6,7,6,6,6,5,Hey there how was your weekend?,4,3,3,4,3,3,3,3,3,3,38,M,Asian,1,Yes,Yes,High school science teacher,,"$60,000 ","$60,000 "
701,244,mad for ads,High,6,7,5,5,6,7,5,6,2,6,7,OCB,4,5,7,6,5,4,5,Hey whats going on?,1,1,1,4,5,4,3,4,1,2,26,F,Hispanic,1,Yes,Yes,assistant,,35000,35000
287,245,Mad for Abs,High,6,6,4,5,5,6,5,6,2,6,6,OCB,3,7,5,6,6,6,5,Is there anything I can do for you?,2,3,2,2,3,2,4,4,4,2,32,M,White,1,Yes,Yes,teacher,,60000,60000
539,246,Mad for Ads,High,6,6,6,4,6,6,6,6,2,6,6,OCB,5,6,6,6,6,6,5,Hello Sam!,4,4,4,2,2,2,4,4,4,4,23,Nonbinary,Other,1,Yes,Yes,food cart attendant,,7000/yr,not sure
278,247,Mad for Ads,High,6,5,5,5,6,6,6,5,4,6,6,OCB,4,7,7,7,7,7,5,Thank you for going beyond expectation Sam! We greatly appropriate your initiative.,2,4,2,4,4,4,2,2,2,2,26,F,White,1,Yes,Yes,topographer,n/a,34000,34000
293,248,Mad for Ads,High,6,6,6,6,7,5,5,5,1,7,7,OCB,3,6,6,6,6,6,5,I'd ask him if there ws anything he wanted to discuss with me at this time.,2,1,1,2,4,4,1,1,1,1,98,F,White,1,Yes,No,retired,musician,"greater than 20,000 less than 30,000","greater than 20,000 less than 30,000"
152,249,Mad for Ads,High,6,6,7,6,6,7,7,6,2,6,6,OCB,4,7,7,7,7,7,5,I would thank him for helping the new employee,1,1,2,3,4,4,2,4,2,1,24,M,White,1,Yes,Yes,Consutrction,,50000,50000
230,250,Mad for Ads,High,6,6,5,7,7,5,5,6,2,6,6,OCB,3,6,5,6,6,7,5,"Hey, Sam.  How are you doing?",2,3,2,2,4,3,2,2,1,2,36,F,White,1,Yes,No,,Cashier,0,50000
144,251,Mad for Ads,High,6,6,6,7,6,5,6,7,2,6,6,OCB,3,7,7,7,7,7,5,"What can I do for you, Sam?",3,3,2,1,1,2,1,2,1,3,25,F,White,1,Yes,Yes,Virtual Assistant,,38000,38000
302,252,Mads for Ads,High,6,7,7,6,7,6,6,6,1,6,7,OCB,4,7,6,6,7,7,5,Great job and thank you for stepping up and helping the new employee.  You are a great leader and it will help you in your future.,2,1,1,2,3,3,1,1,2,1,31,F,White,1,Yes,No,,Laboratory Scientist,0,88000
229,253,Mad for Ads,High,7,7,7,7,7,7,7,7,1,7,7,OCB,5,7,7,7,7,7,5,"I wanted to tell you how  much I appreciate your helping our new employee.  I can always depend on you, Sam.",2,3,1,4,3,3,3,2,1,1,44,M,White,1,Yes,Yes,manager,,53000,53000
155,254,Mads for Ads,High,7,5,2,6,4,2,6,5,2,5,5,OCB,3,2,2,6,5,5,5,I have work I need to do.,4,4,2,4,4,2,4,3,4,2,30,F,White,1,Yes,Yes,admin,,26000,62000
169,255,Mad for Ads,High,7,7,7,7,7,7,7,7,1,7,7,OCB,4,7,7,7,7,7,5,I would like to thank you for the help you have provided. You are a very dedicated worker and we look forward to having you here for a very long time.,1,1,1,1,5,5,1,1,1,1,31,M,White,1,Yes,Yes,teacher,n/a,55000,55000
301,256,Mad For Ads,High,7,5,7,4,6,6,6,7,1,7,7,OCB,5,7,7,7,7,6,5,"Thank for for showing the new employee the ropes. I know that's not your job, but you stepped up and i'm proud of you.",4,2,1,1,1,1,5,5,4,3,46,F,White,1,Yes,Yes,geologist,,180000,180000
105,257,Mad for Ads,High,7,4,4,2,6,4,4,4,4,6,6,OCB,4,6,5,5,7,7,5,Hey good job with helping out with the new guy I really appreciate it!,5,5,4,1,1,1,5,4,4,4,23,M,White,1,Yes,Yes,Cook,,15000,15000
245,258,Mad for Ads,High,7,7,7,5,7,7,7,7,2,7,7,OCB,5,7,7,7,7,7,5,Is there something that you want to see me about?,5,1,4,4,4,1,1,4,5,2,57,M,White,1,Yes,Yes,telemarketer,,16000,16000
314,259,Mad for Ads,High,7,6,6,6,7,6,6,7,1,7,7,OCB,5,7,6,7,7,7,5,I appreciate that you helped out while I was away. What's on your mind Sam?,2,1,1,3,3,3,1,1,1,1,33,M,White,1,Yes,Yes,Business Analyst,,75000,75000
194,260,Mad for Ads,High,7,6,5,7,7,7,7,7,1,7,7,OCB,5,7,7,7,7,7,5,Hello Sam! Thank you for helping the new employee! What's up?,2,2,1,5,5,5,1,1,1,1,27,F,Asian,2,Yes,No,,Biology tech,0,45000
395,261,Mad for Ads,High,7,6,6,6,6,6,6,7,1,6,6,OCB,4,6,6,6,6,6,5,Thank you for stepping up and helping the new employee.  It means a lot.,1,1,1,4,5,5,1,1,1,1,53,M,White,1,Yes,Yes,Qualtiy Assurance Director,,94000,94000
280,262,Mad for Ads,High,7,7,7,7,7,7,7,7,1,6,7,OCB,4,7,7,7,7,7,5,"Hey, is there anything you need?",1,1,3,4,2,5,1,1,1,1,29,M,White,1,Yes,Yes,IT,,100000,125000
550,263,Mad for Ads,High,7,5,5,4,7,5,5,5,3,6,7,OCB,3,7,6,6,7,7,5,"Hey Sam, I appreciate you stepping up while I was on vacation. Keep it up, and I might be forced to give you a promotion, hehe haha!",3,3,4,3,3,4,1,2,2,3,52,M,Asian,2,Yes,Yes,landlord,,22000,22000
349,264,"""Mad for Ads""",High,7,5,5,6,7,6,5,5,3,7,7,OCB,4,7,7,7,7,7,5,"""Good afternoon, Sam! I was provided with a bried update of the office activities while I was away on vacation. I was informed about how you helped train the new employee. Thank you so much for stepping up and leading while I was away. I really appreciate your collaboration and hard work.""",3,5,4,2,3,4,1,1,1,1,33,F,White,1,Yes,Yes,pharmacist,,"$85,000 ","$185,000 "
257,265,Mad for Ads,High,7,7,7,7,7,7,7,7,1,7,7,OCB,5,7,7,7,7,7,5,Job well done Same.  Thank you for stepping up and don't think that won't go unnoticed.,3,3,4,1,2,2,2,3,3,3,31,F,White,1,Yes,No,,Homemaker,0,40000
184,266,Mad for Ads,High,7,7,7,7,7,7,7,7,1,7,7,OCB,4,7,7,7,7,7,5,"Thanks, Sam, for helping out our new employee the other day. I really appreciate it!",2,2,2,4,4,5,1,2,2,1,50,F,White,1,Yes,Yes,Secretary,,84000,84000
413,267,Mad for Ads,High,7,5,3,5,7,6,7,3,3,6,7,OCB,4,7,6,7,7,7,5,"Sam, I just want you to know that I really appreciated your helping the new employee. Thanks.",3,3,2,3,4,5,3,1,2,3,64,F,White,1,Yes,No,writer,geriatric case manager,4000,114000
329,268,Mad for Ads,High,7,6,5,5,7,6,5,6,1,6,7,OCB,4,7,7,6,7,7,5,Thank you for all your hard work while I was away and stepping up to help out the new employee. I just wanted to let you know it was appreciated and you are valued here.,4,2,3,2,2,3,4,2,1,3,23,F,White,1,Yes,No,,Childcare Teacher,0,39000
584,269,Mad for Ads,High,7,6,6,6,6,6,7,6,1,7,7,OCB,4,7,7,7,7,7,5,Thanks for the extra effort over the weekend- we appreciate it.,3,2,2,3,3,3,2,2,2,2,45,M,White,1,Yes,Yes,Teacher,,58800,250000
262,270,Mad for Ads,High,7,7,7,4,7,3,3,7,1,6,7,OCB,5,7,7,7,7,7,5,I'm proud that you stepped up and did something without being asked.,1,1,2,4,1,1,1,1,1,1,25,F,White,1,Yes,Yes,Pharmacy Technician,,25000,59000
295,271,Mad for Ads,High,7,6,7,6,7,7,6,6,1,6,6,OCB,5,7,7,7,7,7,5,Can I help you Sam?,3,1,1,5,4,5,1,1,1,1,53,F,White,1,Yes,Yes,manager,,4500,24999
312,272,Mad for Ads,High,7,4,4,7,7,7,7,6,1,7,7,OCB,4,7,7,7,7,7,5,"Yes, Sam. Was there something on your mind?",1,2,1,5,5,5,1,1,1,1,48,M,White,1,Yes,Yes,concierge,,12000,62000
563,273,Mad for Ads,High,7,5,5,6,7,4,4,6,1,6,6,OCB,4,7,7,6,7,7,5,I just wanted to thank you for the help with the new employee.,3,4,1,3,3,,4,2,2,1,65,M,White,1,Yes,Yes,teleservice,,20000,30000
391,274,Mad for Ads,High,7,5,4,4,7,4,5,2,1,6,6,OCB,4,7,5,6,7,7,5,I would thank him for taking the initiative to mentor the new guy while I was away.,4,3,1,3,4,4,2,1,1,1,55,F,White,1,Yes,Yes,accounting supervisor,,,75000
373,275,Mad for Ads,High,7,5,6,6,7,7,7,7,4,6,7,OCB,2,3,4,4,4,4,5,"Hi Sam,are you free now?could you please explain to me what happen last day?",1,1,1,5,4,5,4,1,1,1,43,M,Asian,2,Yes,Yes,software engineer,,85000,88000
301,276,Mad for Ads,High,7,7,7,7,7,7,7,7,1,7,7,OCB,5,7,7,7,7,7,5,Thanks so much for all your hard work ths last week Sam. I am happy to see you take on extra responsibilities without being asked. It shows alot for your wor ethic and will be taki=en into consideration during next week's yearly evaluation.,5,5,5,1,1,1,4,5,5,5,36,F,White,1,Yes,No,n/a,nursing aide,5000,50000
372,277,Mad for Ads,High,7,7,7,7,7,7,7,7,1,7,7,OCB,5,7,7,7,7,7,5,"Sam, I want to personally thank you for helping the new employee learn the ropes of this job without being asked. I have a big promotion and raise in store for you, just so you know!",5,5,5,1,1,1,5,5,5,5,30,M,White,1,Yes,Yes,Account Development Manager,,40000,40000
279,278,Mad for Ads,High,7,7,7,7,7,7,7,7,1,7,7,OCB,4,7,7,7,7,7,5,"""i'd like to thank you for hiring the new person and showing them the ropes while I was gone. I appreciate it very much. Is there something I can help you with?""",3,1,1,4,4,3,1,1,1,1,43,F,White,1,Yes,No,,Sales Representative,5000,35000
111,279,Mad for Ads,Low,3,5,5,3,3,3,3,3,4,3,3,OCB,2,5,4,4,4,5,5,Keep up the good pace,2,3,2,3,2,2,2,2,2,2,28,M,Asian,1,Yes,No,,Cashier,5000,5000
74,280,Mad for Ads,Low,5,6,6,5,5,6,4,,6,2,3,OCB,3,4,5,5,3,6,5,,3,,4,4,5,5,3,4,3,3,21,F,Asian,1,Yes,No,,,200,
229,281,Mad for Ads,Low,5,7,7,1,1,6,5,5,3,1,1,OCB,2,6,5,4,5,7,5,"SAM, WHAT'S UP MAN? LET'S GET TO WORK!",1,1,2,2,5,3,1,2,1,1,33,M,African American,1,Yes,Yes,WEB/GRAPHIC DESIGN,,28500,28500
177,282,Mad for Ads,Low,1,4,4,1,2,3,2,5,3,2,1,OCB,1,6,5,3,5,5,5,Thanks for helping out last week.,2,1,3,1,2,2,1,1,1,1,37,M,White,1,Yes,Yes,x-ray,,45k,86k
264,283,Mad for Ads,Low,3,5,6,2,4,5,4,4,2,4,4,OCB,2,5,4,4,5,6,5,I appreciate you stepping up and taking the lead on helping the new employee.,2,2,2,4,4,3,2,2,2,3,27,M,White,1,Yes,Yes,accountant,,40000,40000
222,284,Mad for Ads,Low,1,2,2,1,1,1,1,1,4,1,1,OCB,1,5,5,3,5,6,5,Thanks so much for helping out with our new employee.,2,1,1,4,4,3,1,2,1,1,52,F,White,1,Yes,Yes,Marketing,,145000,280000
276,285,Mad for Ads,Low,2,4,5,2,4,2,2,3,4,2,1,OCB,2,5,4,5,4,4,5,I want to say thank you for helping with the new hire. It means a lot to me.,2,2,2,3,3,3,2,2,2,2,40,F,White,1,Yes,No,,Room Attendant at a hotel,12000,70000
285,286,Mad for Ads,Low,2,4,5,2,2,4,3,2,5,2,2,OCB,2,5,3,3,6,6,5,Tell him thanks for helping out while I was gone.. great job.,2,2,2,4,4,4,2,2,2,2,60,F,White,1,Yes,Yes,Supply Chain Manager,,60000,60000
300,287,Mad for Ads,Low,1,5,5,2,1,4,2,5,3,1,1,OCB,1,6,6,5,6,6,5,Thank you for taking the initiative and help the new employee. You are a good person.,2,2,1,3,3,3,2,2,2,2,30,M,Asian,1,Yes,Yes,IT Professional,,72000,72000
332,288,Mad for Ads,Low,1,5,5,1,2,5,4,6,2,2,1,OCB,2,5,6,3,4,6,5,Time to get back to work Sam.,1,1,1,4,4,5,1,1,1,1,58,M,White,1,Yes,Yes,Marketing,,30000,30000
355,289,Mad for Ads,Low,2,4,4,2,5,4,4,5,2,5,5,OCB,2,5,5,5,5,5,5,great job Sam  glad to have you on the team,2,2,1,4,4,4,2,1,1,1,52,F,White,1,Yes,Yes,own a consignment shop,na,50000,50000
246,290,Mad for Ads,Low,2,5,5,1,3,5,6,3,4,5,3,OCB,2,7,3,4,7,5,5,Great job,1,1,1,5,5,5,1,1,1,1,24,M,African American,1,Yes,Yes,usps,,10000,20000
409,291,Mad for Ads,Low,1,5,4,2,1,4,5,5,3,2,1,OCB,2,5,3,2,3,5,5,I want to thank you for helping out the newbie this weekend.,2,1,2,2,3,3,1,1,1,1,62,M,White,1,Yes,No,,software engineer,"$90,000 ","$130,000 "
382,292,Mad for Ads,Low,1,7,6,1,2,6,4,7,3,2,1,OCB,2,5,5,2,5,7,5,I tell him thank you for the work that he did while I was away on holiday. I also tell him that I value him as an employee and now will expect this level of commitment from him at all times,1,3,5,2,4,3,1,1,1,1,41,M,Other,1,Yes,Yes,office admin,,23500,23500
333,293,Mad for Ads,Low,3,5,5,1,2,5,5,7,1,1,1,OCB,2,5,3,1,3,5,5,I would ask him what he wants,2,1,1,5,4,3,1,1,1,1,49,F,White,1,Yes,Yes,Assistant Property Manager,,39000,58000
359,294,Mad for Ads,Low,3,5,6,5,4,5,5,6,2,4,3,OCB,1,6,2,3,7,7,5,"hey sam, what's up?",4,4,3,2,2,1,3,2,2,2,30,F,White,1,Yes,Yes,court coordinator,,61000,137000
235,295,Mad for Ads,Low,2,5,6,1,2,6,6,6,2,2,2,OCB,3,5,6,5,5,6,5,Good work last week helping out the new employee.  Keep up that sort of attitude and you will have a good future working here,2,1,1,2,2,3,2,3,3,1,36,M,White,1,Yes,Yes,IT Consultant,n/a,44000,44000
178,296,MAD FOR ADS,Low,2,6,6,2,2,6,6,6,1,4,2,OCB,2,5,5,4,4,5,5,"GOOD JOB ON HELPING WHILE I WAS GONE, I APPRECIATE IT",3,4,4,3,4,3,2,2,2,2,31,F,White,1,Yes,Yes,ESCROW OFFICER,,52000,89000
531,297,Mad for Ads,Low,3,2,3,2,2,2,1,2,1,2,2,OCB,2,5,5,4,5,5,5,i THANK HIM FOR WHAT HE DID AND TELL HIM TO KEEP IT UP,4,2,3,2,2,4,2,2,3,3,26,F,White,1,Yes,Yes,ACCOUNT MANAGER,,30000,50000
280,298,Mad for Ads,Low,1,7,7,1,1,6,6,6,1,1,1,OCB,2,7,5,2,5,7,5,I really appreciate you help the other day Sam.,3,1,1,2,2,1,1,1,2,1,63,F,White,1,Yes,Yes,teacher,,17000,17000
305,299,Mad for Ads,Low,2,3,3,1,1,2,1,1,5,1,1,OCB,1,5,6,2,5,7,5,I wanted to thank you for stepping up and helping orient our new employee. I really appreciate your extra effort.,1,1,1,3,3,3,1,1,1,1,48,F,White,1,Yes,Yes,Digital marketing,,138000,265000
301,300,Mad for Ads,Low,4,3,4,4,2,2,4,4,4,2,2,OCB,4,4,3,2,5,4,5,I say whats up man?,4,3,5,2,5,3,4,2,4,3,25,M,White,1,Yes,No,,NA,13000,40000
540,301,Mad for Ads,Low,5,5,6,4,4,5,4,5,2,4,2,OCB,3,6,6,5,6,6,5,Thanks for your help with the new gay,3,1,1,5,5,5,1,1,1,1,65,M,White,1,Yes,Yes,artist,,1326,1528
502,302,Mad for Ads,Low,2,5,5,3,5,5,6,4,2,5,6,OCB,3,5,4,1,5,4,5,hello sam can we talk,2,4,4,2,4,4,4,2,4,4,33,M,Asian,1,Yes,Yes,cad tech,,24000,50000
263,303,Mad for Ads,Low,2,4,5,1,1,6,3,6,4,1,2,OCB,2,3,2,2,5,5,5,Thanks for stepping up last week.  Well done!,2,2,4,5,3,3,1,1,2,1,51,F,White,1,Yes,Yes,claims examiner,,72000,72000
552,304,Mad for Ads,Low,2,6,6,2,2,6,5,5,2,2,5,OCB,4,5,5,3,5,6,5,Thank you for helping out the new employee. That was very commendable.,1,1,1,3,4,4,1,2,1,1,39,F,White,1,Yes,Yes,manufacturing,,38000,48000
196,305,Mad for Ads,Low,2,5,5,1,1,5,3,5,2,1,1,OCB,1,5,5,2,5,5,5,Thank you for stepping up while I was gone. I appreciate your hard work. Maybe we can talk about what else you can do to continue down this path.,2,2,4,3,4,4,2,2,2,2,33,F,White,1,Yes,No,,professional scorer,6000,71000
378,306,Mad for Ads,Low,2,4,5,1,2,4,3,6,2,1,1,OCB,1,5,3,2,5,5,5,"Sam, I want to thank you for taking the initiative while I was on vacation to help the new employee learn the ropes.",2,2,1,3,4,5,2,2,1,2,36,F,White,1,Yes,Yes,Medical Biller,,23000,23000
295,307,Mad for Ad,Low,5,6,6,2,3,5,4,4,6,2,3,OCB,1,5,4,2,5,5,5,"Hey Sam, thanks for helping out the new employee. Way to go!",2,1,1,3,4,3,3,1,2,1,57,M,Hispanic,1,Yes,Yes,no,sales and service,11000,11000
165,308,Mad for Ads,Low,2,6,6,2,3,6,5,6,2,5,3,OCB,2,6,3,5,6,6,5,Thanks for stepping up to help out.,3,2,3,2,4,4,2,2,1,1,34,M,White,1,Yes,Yes,Attorney,,110000,195000
190,309,Mad for Ads,Low,1,4,4,1,1,5,3,5,4,1,1,OCB,1,5,5,2,5,5,5,"Hi sam, Thank you for taking the new employee under your wing while I was gone.  It's important to show him the proper way we do things around here.",3,2,3,2,3,4,2,3,3,3,40,M,White,1,Yes,Yes,Web Developer,,17000,17000
275,310,Mad for Ads,Low,2,5,6,2,2,4,3,3,5,3,2,OCB,1,4,3,2,3,5,5,Thanks for helping out.,3,2,1,5,4,3,3,2,1,2,26,F,Other,1,Yes,Yes,vet tech,,32000,32000
417,311,Mad for Ads,Low,2,4,6,1,1,4,4,5,4,1,3,OCB,2,4,4,1,4,4,5,Thanks for doing your job.,2,1,1,3,3,3,1,1,1,1,33,M,White,1,Yes,Yes,Budget Analyst,N/A,105000,105000
226,312,Mad for Ads,Low,3,4,4,5,5,4,3,3,5,5,5,OCB,4,3,4,4,5,5,5,Thank you for showing our new employee the ropes the other day. I really appreciate it.,4,2,4,2,3,4,4,3,2,3,27,M,African American,1,Yes,Yes,Property Manager,,89000,150000
219,313,Mad for Ads,Low,3,2,5,4,6,5,3,4,5,4,5,OCB,2,5,6,3,2,5,5,I got stuff to say.,3,2,4,3,4,4,3,2,2,4,23,M,White,1,Yes,Yes,chef,,10000,10000
254,314,Mad for Ads,Low,2,5,5,2,2,5,4,5,2,2,2,OCB,1,5,3,3,3,5,5,"Good job with the new employee, try and carry that over to the rest of your job",1,1,1,4,4,4,2,1,1,1,40,M,White,1,Yes,Yes,Computer Programmer,,77000,77000
390,315,Mad for Ads,Low,2,6,6,1,3,5,5,6,1,5,5,OCB,4,6,6,5,6,6,5,I'd tell him I appreciated how he worked with the new employee.,1,1,1,5,5,5,1,1,1,1,48,F,White,1,Yes,No,,farmer,5000,87000
198,316,Mad for Ads,Low,2,5,5,1,2,5,5,3,3,4,5,OCB,1,6,6,4,6,6,5,I heard you took the initiative to help a new employee. I want to thank you for that.,4,4,1,1,1,1,4,3,2,1,36,F,White,1,Yes,No,,Service Clerk,15000,45000
152,317,Mad for Ads,Low,4,5,4,4,4,3,4,4,4,5,4,OCB,3,4,5,4,5,5,5,"Hi Sam, how are things?",3,2,3,3,3,2,3,2,2,2,37,M,White,1,Yes,Yes,Finance Manager,N/A,120000,125000
207,318,Mad for Ads,Low,1,7,7,1,1,7,7,7,1,1,1,OCB,1,5,3,3,3,5,5,"Is there something you would like to discuss, Sam?",5,1,1,5,5,5,1,1,1,1,32,F,White,1,Yes,Yes,consumer lender,n/a,28000,28000
226,319,Mad for Ads,Low,3,5,6,2,4,5,5,6,2,4,4,OCB,2,6,4,4,6,6,5,Hey Sam I heard about how you helped out while I was out. I really appreciate that.,1,2,1,4,4,4,1,1,1,2,35,M,White,1,Yes,Yes,Office Manager,,76000,116000
309,320,Mad for Ads,Low,1,5,5,1,1,5,3,5,3,1,1,OCB,3,4,3,3,3,3,5,Thanks for helping out with the new hire. It's nice to see employees go beyond what's required.,1,1,1,4,4,4,1,1,1,1,42,M,White,1,Yes,Yes,Sales Manager,N/A,65000,65000
240,321,Mad for Ads,Low,2,3,4,2,1,4,3,4,5,2,2,OCB,2,6,3,2,5,6,5,Thank you for helping the new employee out while I was away from the office. I really appreciate you being proactive.,4,4,2,2,2,2,3,3,4,2,58,F,White,1,Yes,Yes,article writer,,24000,24000
353,322,mad for ads,Low,6,4,6,6,5,5,4,5,1,5,6,OCB,4,5,3,6,6,5,5,thanks for working hard,4,,,5,4,4,2,3,4,3,36,F,White,1,Yes,Yes,child care,,6000,51000
479,323,"""Mad for Ads"".",Low,2,5,6,3,2,6,5,6,4,6,5,OCB,2,6,7,5,6,6,5,Thank you Sam for helping the new employee while i was gone.,2,3,1,5,4,4,3,1,1,2,46,F,White,1,Yes,Yes,life enrichment director.,,20,40
234,324,Mad for Ads,Low,1,5,6,1,3,6,6,7,5,2,4,OCB,4,6,5,4,5,6,5,"""Good afternoon, Sam - what can I do for you today?""",4,3,3,2,3,5,3,1,1,3,22,F,Other,1,Yes,No,,N/A,1000,13000
241,325,Mad for Ads,Low,3,4,4,1,3,5,3,2,1,2,3,OCB,2,6,6,5,6,7,5,Great job stepping up and helping out . I really am impressed,2,1,1,5,4,4,1,1,1,1,30,M,Other,1,Yes,Yes,sales manager,,32000,49000
215,326,Mad for Ads,Low,5,6,5,5,4,5,4,4,5,5,5,OCB,2,5,6,5,5,4,5,Help me on my task,3,3,2,3,3,4,3,3,2,3,29,M,White,1,Yes,Yes,Coordinator,,45000,60000
272,327,Mad for Ads,Low,1,2,4,1,1,3,1,1,4,1,1,OCB,1,7,7,5,6,7,5,Thanks for stepping up while I was away on my vacation. Keep up the good work!,2,3,1,5,5,5,1,1,1,1,51,F,White,1,Yes,Yes,supervisor,,70000,70000
601,328,Mad for Ads,Low,1,6,6,1,1,6,6,6,1,4,2,OCB,3,6,6,4,3,6,5,I thank him for stepping up in my absence and tell him I always knew he had it in him to perform that way.,2,2,2,5,5,5,1,1,1,1,57,F,Other,1,Yes,Yes,Advertising Associate,,35k,105k
185,329,Mad for Ads,Low,2,5,6,4,3,5,6,5,3,3,4,OCB,2,5,6,5,7,6,5,Great work this last weekend helping out!,2,2,3,2,4,5,3,2,1,1,30,M,White,1,Yes,Yes,System Migration Specialist,NA,47000,47000
508,330,Mad for ads,Low,2,5,5,2,3,5,5,6,3,3,3,OCB,2,5,5,3,5,5,5,How can I help you Sam?,2,2,1,4,4,4,1,2,1,1,47,F,White,1,Yes,Yes,Social Media Evaluation,,30k,60k
402,331,Mad for Ads,Low,2,4,4,1,3,4,4,5,2,3,3,OCB,1,4,5,3,4,5,5,"Sam, I would like to let you know I heard of the extra effort you made to help a new employee and I am truly grateful.",2,1,1,5,4,4,1,1,1,1,59,F,White,1,Yes,Yes,general manager for a transport company,n/a,19000,78000
369,332,Mad for Ads,Low,1,6,6,1,4,6,4,6,2,4,6,OCB,3,5,5,5,6,5,5,He may try to finish up something he started and try to improve his work.,2,1,3,5,3,3,1,1,1,1,42,F,Asian,2,Yes,Yes,clinic coordinator,,28000,50000
230,333,Mad for Ads,Low,1,5,4,2,,1,1,1,1,1,1,OCB,1,5,5,4,4,5,5,good job,1,1,2,1,4,4,2,2,3,3,29,M,African American,1,Yes,Yes,sales,,36000,80000
493,334,Mad for Ads,Low,2,6,4,1,1,4,4,3,2,1,2,OCB,1,5,3,3,4,5,5,I thank him for helping out the new employee while I was away.,4,4,3,1,1,1,1,2,3,2,31,F,White,1,Yes,Yes,reservation manager,,42600,77960
276,335,Mad for Ads,Low,2,4,4,2,2,3,2,4,3,2,2,OCB,2,5,4,4,5,4,5,Thank you for taking the initiative to help out that employee the other day.,1,1,1,4,4,4,1,1,1,1,54,F,White,1,Yes,Yes,Consultant,,40000,80000
571,336,Mad for Ads,Low,2,7,7,5,4,7,3,5,4,5,4,OCB,2,5,6,5,4,5,5,,3,2,3,2,3,2,2,3,2,3,35,F,African American,1,Yes,Yes,Accountant,,,
649,337,Mad for Ads,Low,1,5,5,1,1,4,3,1,5,1,2,OCB,2,4,5,2,4,4,5,"Sam you showed real initiative helping the new employee when I was gone, I hope you continue stay focused on work priorities and show that kind of responsibility daily.",2,1,2,2,4,1,2,2,3,2,53,M,White,1,Yes,Yes,Technical Manager,N/A,72500,72500
478,338,Mad for Ads,Low,3,4,4,3,3,4,3,5,4,3,3,OCB,3,6,6,5,6,6,5,Thank you Sam for stepping up and helping out while I was away. Is there something I can help you with?,2,2,1,5,5,5,1,2,2,1,50,F,White,1,Yes,Yes,Self employed,,26000,26000
235,339,mad for ads,Low,2,5,3,1,2,5,4,2,4,2,2,OCB,2,4,3,3,4,5,5,Nothing,2,3,2,3,2,2,3,4,3,2,26,M,White,1,Yes,Yes,Sales,,55000,55000
236,340,Mad for Ads,Low,2,5,5,3,3,6,6,6,4,2,2,OCB,2,6,6,5,6,6,5,Hey I heard about how you helped out and I just wanted to say thank you.,4,5,5,4,1,1,4,3,4,4,27,F,White,1,Yes,Yes,Digital Media,,31000,31000
786,341,Mad for Ads,Low,2,4,7,1,4,6,4,7,2,4,3,OCB,3,6,7,4,7,7,5,I am appreciative of you stepping up and helping our new employee. Keep this up and you will be rewarded. Thank you.,2,1,1,4,4,1,2,2,1,1,28,F,White,2,Yes,Yes,Sales Associate,,24000,39000
213,342,Mad for Ads,Low,1,6,7,1,1,4,2,7,2,1,1,OCB,4,5,2,1,5,2,5,Heard you did great at work this weekend.Thank you,5,3,1,5,3,3,1,4,2,3,26,F,Asian,1,Yes,Yes,data anlayst,,40000,40000
231,343,Mad for Ads,Low,1,4,5,1,1,3,1,3,5,1,1,OCB,1,4,2,1,4,4,5,I heard you helped out the new guy while I was gone and wanted to tell you that you did a good job!,2,1,2,2,2,2,1,2,2,2,46,F,White,1,Yes,Yes,customer service representative,,18000,50000
509,344,Mad for Ads,Low,3,5,5,2,3,5,5,5,2,3,3,OCB,2,6,6,5,5,5,5,Thank you for helping out the new employee.,3,2,2,3,3,3,2,2,2,2,60,F,White,1,Yes,Yes,driver,,prefer not to say,prefer not to say
318,345,Mad for Ads,Low,1,4,6,2,1,4,4,6,2,2,2,OCB,2,6,5,4,5,6,5,I appreciate you stepping up to help a new employee learn the ropes.,3,1,1,1,1,1,4,4,1,1,29,F,White,1,Yes,Yes,business owner,,96000,96000
514,346,Mad for Ads,Low,3,4,5,1,2,3,3,5,4,2,2,OCB,2,5,6,2,4,5,5,Thank him for taking initiative while I was gone.,2,2,1,3,3,4,4,4,3,2,52,M,White,1,Yes,No,,Teacher,65000,135000
374,347,Mad for Ads,Low,3,5,5,1,2,5,5,4,5,2,3,OCB,2,5,6,5,5,6,5,"Thank you for your stepped up Sam, Keep up the good work. Much appreciated.",2,2,1,3,3,4,3,3,3,2,33,F,Asian,1,Yes,No,,Payroll Specialist,$0.00 ,"$40,000.00 "
553,348,Mad for Ads,Low,2,6,7,1,1,7,5,7,3,7,7,OCB,2,4,4,2,4,4,5,"I would say: Hey, would you help me with some work?",1,1,1,1,5,5,5,1,1,1,28,M,African American,1,Yes,Yes,Travel Agent,,26500,26500
159,349,Mad for Ads,Low,2,6,6,2,2,5,3,5,3,2,2,OCB,1,5,3,3,4,5,5,Thank you for helping out while I was away.,1,1,1,4,4,3,1,1,1,1,30,F,White,1,Yes,Yes,Cash Posting Coordinator,,51000,51000
106,350,Mad for Ads,Low,3,4,2,3,5,3,4,6,4,3,5,OCB,3,3,4,3,5,3,5,"What's up, sam?",2,4,3,4,2,3,4,3,3,2,25,M,African American,1,Yes,Yes,qa tester,,40k,80k
358,351,Mad for Ads,Low,2,3,3,2,1,5,2,3,5,2,2,OCB,2,5,5,3,5,5,5,I heard that you took the initiative to help out a new employee while I was away. This is the attitude that I am looking for in our associates. Keep up the good work.,4,4,1,2,2,1,2,3,2,1,36,F,Hispanic,1,Yes,Yes,sales associate,N/A,40000,100000
314,352,Mad for Ads,Low,1,2,3,1,1,2,2,1,4,1,1,OCB,4,2,2,2,2,2,5,"Sam, were you the one that had issues while I was gone? Let's have talk.",2,2,2,4,4,4,1,1,1,1,72,M,White,1,Yes,No,,Construction Superintendent,46000,53000
183,353,Mad for ads,Low,1,5,6,1,2,3,2,7,5,2,2,OCB,2,5,5,3,5,5,5,Thank you for helping that new employee this past week. That was very nice of you,2,1,2,4,4,4,1,1,1,1,31,M,White,1,Yes,Yes,supervisor social worker,,60000,100000
494,354,Mad for Ads,Low,3,3,5,2,3,5,3,5,3,3,3,OCB,1,5,3,3,5,5,5,"Thanks, for helping with the new employee.",1,1,1,1,4,3,1,1,1,1,61,F,African American,1,Yes,Yes,temporary clerical,,10000,27000
255,355,Mad for Ads,Low,2,5,6,2,2,5,4,5,2,4,2,OCB,2,6,6,4,5,5,5,Was there something you wanted to discuss with me?,3,2,1,4,4,4,2,2,2,2,49,F,Asian,1,Yes,Yes,Administrative Assistant,N\A,33000,69000
273,356,Mad for Ads,Low,2,6,6,1,1,4,1,4,3,1,1,OCB,2,2,4,2,2,2,5,Did you want to speak with me?,1,1,2,3,4,3,1,1,1,3,52,F,White,1,Yes,No,n/a,farm laborer,38000,38000
207,357,Mad for Ads,Low,1,5,5,1,1,4,4,1,4,1,1,OCB,2,4,5,4,4,6,5,Thanks for helping the new employee last week.  We really appreciate it.,5,1,2,2,1,1,4,3,3,2,56,F,White,1,Yes,Yes,Office Assistant,,50000,50000
165,358,Mad for Ads,Low,2,5,6,2,2,5,5,5,3,2,2,OCB,1,5,4,3,5,6,5,thanks for your assistance with the new employee. keep up the good work.,1,1,3,2,3,3,2,3,3,2,47,M,White,1,Yes,Yes,economist,,110000,110000
317,359,Mad for Ads,Low,2,6,6,1,1,6,5,2,2,3,3,OCB,3,6,6,4,6,6,5,Thanks Sam for your help with the new employee. I really appreciated that.,3,2,3,2,2,4,1,3,3,2,49,M,Asian,1,Yes,Yes,Protective officer,,20000,88000
342,360,Mad for Ads,Low,2,6,6,2,3,6,6,6,2,3,3,OCB,3,5,5,3,5,5,5,"I thank him for helping with the new employee. I praise him for being good with people, since I am assuming he is likable. Hopefully if I praise his effort, he will step up in other areas too.",2,2,1,4,4,4,2,1,1,1,38,F,White,1,Yes,Yes,school lunch server,,7500,120000
388,361,Mad for Ads,Low,2,3,4,2,1,4,4,6,2,2,2,OCB,1,2,5,2,2,5,5,"Thanks for helping the new hire, it's appreciated.",1,1,1,5,5,5,1,1,1,1,66,M,Other,1,Yes,Yes,publisher,NA,36000,36000
198,362,Mad for Ads,Low,2,5,4,4,3,4,3,5,5,4,3,OCB,3,5,6,4,6,6,5,"Hi, Sam. What's up?",3,4,2,3,4,4,3,2,2,1,34,F,White,1,Yes,Yes,Instructional Designer,,56000,120000
361,363,Mad for Ads,Low,2,5,5,2,3,5,5,5,3,3,4,OCB,2,5,6,4,5,6,5,"Sam, is there something that you would like to discuss?",3,2,2,3,4,5,2,1,1,1,36,M,White,1,Yes,Yes,Manager,,70000,70000
758,364,Mad for Ads,Low,3,5,6,3,4,5,5,5,3,3,3,OCB,4,5,5,4,5,5,5,I want to thank you for helping a coworker and I value very much what you did. Great job and I am very proud of you. Keep up the good work.,1,1,1,1,4,4,1,1,1,1,35,F,White,1,Yes,Yes,assistant manager,,50000,50000
252,365,Mad for Ads,Low,1,6,5,1,2,3,3,6,2,2,3,OCB,2,4,5,2,3,6,5,Hello. Is there something I can help you with?,2,2,3,4,4,3,2,1,1,1,36,F,White,1,Yes,Yes,Account Servicing Representative,,34000,34000
370,366,Mad for Ads,Low,2,6,6,3,3,6,6,6,2,4,4,OCB,2,6,6,6,6,6,5,I thank him for stepping up!,4,3,3,2,2,2,4,4,4,4,21,F,White,1,Yes,Yes,mturk,,12000,12000
206,367,Mad for Ads,Low,2,5,5,4,4,5,4,5,3,4,3,OCB,2,5,5,5,5,4,5,Thank you for stepping in last week to help the new employee,3,3,3,2,3,4,2,2,2,2,41,F,White,1,Yes,Yes,Finance,n/a,95000,95000
293,368,Mad for Ads,Low,1,6,6,1,1,6,5,6,2,2,2,OCB,2,6,5,5,6,5,5,"Hey Sam, I heard you stepped up while I was out and just want to say thank you for  holding down the fort.  It's good to know things will be taken care of while I'm away.",3,4,4,4,2,3,5,2,2,2,33,F,White,1,Yes,Yes,Finance ANalyst,,48500,48500
316,369,Mad for Ads,Low,2,3,3,2,1,5,3,4,6,2,2,OCB,2,6,4,3,5,7,5,"Sam,  i really appreciate that you helped us out with the other employee. thank you very much.",5,2,3,3,3,2,3,2,2,2,61,M,White,1,Yes,Yes,residential counselor,N/A,34000,66000
252,370,Mad for Ads,Low,1,5,5,2,1,5,4,5,1,3,2,OCB,3,6,5,3,4,5,5,What can I do for you Sam?,4,3,2,2,3,2,2,1,2,2,39,F,White,1,Yes,Yes,retail management,,21000,30000
254,371,Mad for Ads,Low,2,5,4,1,2,5,4,5,4,2,3,OCB,1,5,5,4,5,5,5,I would make a special effort to commend Sam for stepping up to help the new employee.,2,1,1,4,3,3,1,1,1,1,33,F,White,1,Yes,Yes,Social worker,n/a,53000,110000
434,372,public works,Low,1,6,6,3,2,5,3,5,2,2,2,OCB,2,4,5,2,2,5,5,"Hi Sam, I'd like to thank you for stepping up and showing our new employee the ropes.",2,3,2,1,2,3,3,3,3,1,24,F,African American,1,Yes,Yes,student professional worker I,n/a,n/a,n/a
280,373,Mad for Ads,Low,3,5,5,2,2,5,4,4,5,3,2,OCB,1,5,2,3,4,5,5,"Thanks for taking charge, good job last week, keep up the good work",4,4,3,4,2,2,2,2,2,3,56,M,White,1,Yes,No,,production laborer,12000,29000
126,374,Mad for Ads,Low,3,4,3,3,2,3,3,3,3,3,3,OCB,2,4,4,4,4,4,5,Hello,1,1,1,1,4,4,1,1,1,1,29,F,White,1,Yes,Yes,marketing specialist,n/a,less than 10000,65000
370,375,Mad for Ads,Low,2,4,3,1,2,5,4,4,4,3,5,OCB,2,6,6,5,5,6,5,Sam I want to thank you for your willingness to step up and help another employee.,2,2,1,2,4,4,1,1,1,1,65,F,White,1,Yes,No,,Corporate Administrative Administrator. Now retired.,14500,14500
199,376,Mad for Ads,Low,2,5,5,2,1,4,3,3,4,2,2,OCB,1,6,5,4,5,5,5,I thank him for stepping up,2,1,1,4,4,2,2,2,1,1,26,F,White,1,Yes,Yes,Office Assistant,,24000,77000
302,377,A1JRAGIQ40I53R,High,4,4,4,4,4,4,4,4,4,4,4,CWB,1,5,4,4,4,4,5,What happened ?,2,1,1,5,5,5,1,2,1,1,37,M,African American,1,Yes,Yes,Sales person,,50000,150000
307,378,Mad for Ads,High,6,6,3,5,7,5,4,3,1,7,7,CWB,1,7,5,6,7,7,3,"Thanks for staying on ""task"" while I was away, sure appreciate it",3,1,1,3,2,3,1,1,1,1,69,F,White,1,Yes,No,n/a,Retail,29500,29500
124,379,Mad for Ads,High,4,2,3,3,3,5,3,3,2,2,3,CWB,2,2,5,3,2,3,4,What do you want?,2,3,3,2,2,2,2,3,2,3,33,M,White,1,Yes,Yes,art,na,9999,9999
262,380,Pitre Advertising,High,5,5,5,4,5,5,5,5,3,5,5,CWB,2,4,2,3,4,2,5,"Sam, sit down, I would like to have a chat with you.",2,1,1,1,2,2,1,3,2,3,33,F,White,1,Yes,Yes,medicaid analyst,,32000,105000
372,381,Sky Advertising Agency,High,6,5,5,5,6,6,6,6,2,6,6,CWB,2,6,1,5,6,6,5,Did you need to speak about something?,1,1,1,5,4,4,1,1,1,1,31,F,White,1,Yes,Yes,Retail Store Manager,,42000,74000
116,382,MH. Inc,High,7,7,7,7,7,7,7,7,1,7,7,CWB,2,7,7,7,7,7,5,I ask him how his week has been,1,1,1,5,5,5,1,1,1,1,26,F,White,1,Yes,Yes,CSR,n/a,45000,45000
457,383,mads for ads,Low,3,5,5,2,3,3,5,2,4,2,3,CWB,2,5,3,4,5,4,3,hi sam,2,1,2,4,5,1,2,4,1,2,22,F,White,1,Yes,Yes,tax associate,,42000,42000
327,384,NETFLIX,Low,3,4,3,1,5,5,2,4,2,5,6,CWB,2,5,5,5,5,6,5,IS THERE SOMETHING I CAN HELP YOU WITH,1,1,1,3,3,4,1,1,1,1,42,F,African American,1,Yes,Yes,LEAD CUSTOMER SERVICE,N/A,57000,57000
68,385,,Low,5,4,4,4,5,4,3,5,5,4,5,CWB,3,4,4,5,5,5,5,,,,,,,,,,,,25,M,White,1,Yes,No,,,,
224,386,Alex,High,6,5,4,5,6,5,4,6,5,5,4,CWB,4,6,5,4,5,6,5,He is hard worker,4,3,3,4,4,3,3,4,3,4,28,M,White,1,Yes,Yes,Accounting,,55000,55000
668,387,A2XF84K0868FZO,Low,2,5,6,2,3,5,5,4,3,2,2,CWB,4,4,3,3,4,4,5,How did everything go while I was gone?,3,3,3,4,3,3,2,3,3,3,55,F,Asian,2,Yes,No,marketing and sales,,95000,95000
595,388,TargetMarket,Low,4,5,4,3,5,4,3,4,5,3,4,CWB,4,3,5,5,4,3,5,What can I do for you?,3,4,3,2,3,3,2,3,4,3,27,F,White,1,Yes,Yes,childcare,n/a,30k,55k
396,389,Generic Inc.,Low,2,4,4,3,2,4,4,4,4,3,3,CWB,4,5,5,5,5,6,5,Hello Sam. Thanks for being a loyal employee.,4,4,3,5,3,3,4,3,2,2,37,F,White,1,Yes,Yes,mTurk,,"$6,000 ","$25,000 "
339,390,advertising.com,Low,2,6,6,3,3,6,5,5,2,3,4,CWB,4,5,4,4,5,5,5,Thanks for your work while I was on vacation,2,3,1,2,3,3,4,2,2,2,51,F,White,1,Yes,Yes,catering sales,,,
379,391,Mad Universe Ads,High,6,5,7,6,6,5,7,7,3,5,6,CWB,5,5,6,4,4,5,6,You will be fired off when you did like that,4,3,3,4,3,4,5,3,4,5,45,F,White,1,Yes,No,,Medical Administration,"$30,000 ","$10,000 "
1304,392,Mad for Ads,High,4,5,4,5,4,5,4,5,4,4,5,OCB,4,4,4,3,3,6,3,I just ask what's going on.,3,4,3,3,3,2,2,2,2,2,24,F,Asian,1,Yes,Yes,Contractor,,25000,25000
485,393,Mad for Ads,High,6,5,4,6,6,4,5,4,4,6,7,OCB,4,7,6,7,7,7,3,I want to thank you for being so helpful to _____ while I was away.  I'm thankful that I can depend on you in a pinch.,5,4,3,1,1,2,5,4,4,3,65,F,White,1,Yes,No,,Machine operator 2.  I'm now retired,26000,26000
286,394,Innovative Solutions,High,6,5,6,6,6,5,4,6,3,5,5,OCB,4,6,6,6,6,6,5,"Hello Sam! Just wanted to say how grateful I am about the other day when you helped the new employee, someone might get a raise if he keeps up the good work!!",4,4,3,3,4,3,3,4,4,4,25,M,White,1,Yes,Yes,Sales,,85000,170000
299,395,Mad fo ads,High,6,6,5,6,7,6,5,7,5,7,6,OCB,5,6,7,7,6,7,6,Good afternoon . you do a great job.,3,1,2,3,2,4,5,4,3,4,34,F,African American,1,Yes,No,,food service,800,5000
230,396,Axiomatic,Low,1,5,6,1,5,5,5,5,3,5,5,OCB,3,7,7,7,7,7,5,"Hey Sam, great job stepping up and doing what needed to be done, your future is brighter than ever here.",1,2,2,4,5,5,2,2,1,1,33,M,Other,1,Yes,Yes,Computer programmer,,35000,35000
355,397,Shark Ad,Low,2,6,5,5,1,5,1,5,2,2,1,OCB,1,5,5,1,5,5,3,"I would say""Sam you did a great job while i was gone, keep up the good work.""",5,2,2,2,4,1,5,5,5,5,34,M,African American,1,Yes,Yes,Retail manager,,35k,35k
82,398,N,Low,6,5,5,4,3,7,5,4,4,3,1,OCB,5,4,7,6,5,5,5,,1,4,3,3,3,2,5,3,3,2,23,F,White,1,Yes,Yes,,,,
371,399,Skin By Nature,Low,1,7,7,1,2,6,4,2,4,2,2,OCB,2,5,5,3,3,6,5,"Come on Sam, stay focused",1,1,1,2,1,5,2,1,1,1,51,M,White,1,Yes,Yes,self employed,n/a,40000,60000
151,400,Mad for Ads,Low,2,3,5,3,1,1,3,2,5,1,1,OCB,2,4,6,6,3,5,6,Thank you for the good work Sam.,3,3,1,2,2,5,2,2,4,4,23,M,Asian,1,Yes,No,,maintenance,0,0
